group	x	y	showSelected1
1	980	24	621
2	1030	24	621
2	1030	24	185
2	1030	24	24
2	1030	24	535
2	1030	24	1567
2	1030	24	2584
2	1030	24	1611
2	1030	24	573
2	1030	24	1841
2	1030	24	2653
2	1030	24	447
2	1030	24	1545
2	1030	24	1788
2	1030	24	1176
2	1030	24	1121
2	1030	24	1812
2	1030	24	813
2	1030	24	1768
2	1030	24	1421
3	1030	74	24
6	1080	74	24
6	1080	74	938
6	1080	74	158
6	1080	74	141
6	1080	74	317
6	1080	74	1273
6	1080	74	699
5	1080	124	317
5	1080	124	699
5	1080	124	923
5	1080	124	141
5	1080	124	2109
8	1130	124	141
8	1130	124	95
8	1130	124	1007
8	1130	124	181
8	1130	124	282
8	1130	124	91
8	1130	124	1979
8	1130	124	1850
8	1130	124	2646
8	1130	124	2111
8	1130	124	2830
8	1130	124	2515
8	1130	124	1806
8	1130	124	1568
8	1130	124	460
8	1130	124	702
8	1130	124	1423
8	1130	124	1072
8	1130	124	649
8	1130	124	698
8	1130	124	189
8	1130	124	1666
9	1130	174	181
9	1130	174	282
13	1180	174	181
13	1180	174	162
13	1180	174	17
13	1180	174	362
13	1180	174	2157
13	1180	174	2738
13	1180	174	2066
13	1180	174	2160
13	1180	174	282
13	1180	174	1532
13	1180	174	2179
13	1180	174	655
13	1180	174	2470
13	1180	174	1867
13	1180	174	267
13	1180	174	1536
13	1180	174	817
13	1180	174	580
13	1180	174	862
13	1180	174	2538
13	1180	174	49
13	1180	174	429
13	1180	174	734
13	1180	174	1468
14	1180	224	362
14	1180	224	655
19	1230	224	655
19	1230	224	530
19	1230	224	38
19	1230	224	609
19	1230	224	973
19	1230	224	295
19	1230	224	56
19	1230	224	1310
19	1230	224	508
19	1230	224	1124
19	1230	224	1721
19	1230	224	362
19	1230	224	2735
19	1230	224	2042
19	1230	224	613
19	1230	224	1733
19	1230	224	104
19	1230	224	1772
19	1230	224	652
19	1230	224	17
19	1230	224	1478
19	1230	224	1486
19	1230	224	2734
19	1230	224	1126
19	1230	224	683
19	1230	224	58
19	1230	224	2303
19	1230	224	1722
19	1230	224	179
19	1230	224	283
19	1230	224	1583
19	1230	224	644
19	1230	224	2731
19	1230	224	51
19	1230	224	261
19	1230	224	424
19	1230	224	1902
19	1230	224	1308
19	1230	224	1448
19	1230	224	1187
19	1230	224	1122
19	1230	224	2852
19	1230	224	36
19	1230	224	1060
19	1230	224	2260
19	1230	224	96
19	1230	224	2206
20	1230	274	56
20	1230	274	127
26	1280	274	127
26	1280	274	151
26	1280	274	314
26	1280	274	273
26	1280	274	56
26	1280	274	2400
26	1280	274	396
26	1280	274	209
26	1280	274	2798
26	1280	274	18
26	1280	274	456
26	1280	274	384
26	1280	274	1434
26	1280	274	297
26	1280	274	14
26	1280	274	2482
26	1280	274	712
26	1280	274	1714
26	1280	274	1595
26	1280	274	411
26	1280	274	239
26	1280	274	81
26	1280	274	798
26	1280	274	1435
26	1280	274	2804
26	1280	274	1541
26	1280	274	2270
26	1280	274	102
26	1280	274	2776
26	1280	274	175
26	1280	274	417
26	1280	274	1071
26	1280	274	799
26	1280	274	177
26	1280	274	1774
26	1280	274	2380
26	1280	274	2812
26	1280	274	2808
26	1280	274	2641
26	1280	274	1948
26	1280	274	565
26	1280	274	592
26	1280	274	692
26	1280	274	2256
26	1280	274	1544
26	1280	274	1363
26	1280	274	1516
26	1280	274	1910
26	1280	274	148
26	1280	274	2224
26	1280	274	2184
26	1280	274	1258
26	1280	274	1950
26	1280	274	490
26	1280	274	1724
26	1280	274	2566
26	1280	274	1045
26	1280	274	1641
26	1280	274	1887
26	1280	274	768
26	1280	274	272
26	1280	274	308
26	1280	274	488
26	1280	274	2030
26	1280	274	2356
26	1280	274	2654
26	1280	274	1750
26	1280	274	2076
26	1280	274	2777
26	1280	274	1767
26	1280	274	2775
26	1280	274	1723
26	1280	274	1183
26	1280	274	2794
26	1280	274	1181
26	1280	274	847
26	1280	274	1247
26	1280	274	1946
26	1280	274	623
26	1280	274	2131
26	1280	274	1573
26	1280	274	888
26	1280	274	2773
26	1280	274	2136
26	1280	274	1708
26	1280	274	2355
26	1280	274	708
26	1280	274	1061
26	1280	274	2118
26	1280	274	1353
26	1280	274	2317
26	1280	274	1704
26	1280	274	2549
26	1280	274	2252
26	1280	274	787
26	1280	274	2676
26	1280	274	2598
26	1280	274	78
26	1280	274	1712
26	1280	274	1854
26	1280	274	2370
26	1280	274	1224
26	1280	274	356
26	1280	274	1565
26	1280	274	2221
26	1280	274	448
26	1280	274	1436
26	1280	274	1876
26	1280	274	2556
26	1280	274	1466
26	1280	274	2156
26	1280	274	1822
26	1280	274	1372
26	1280	274	1624
26	1280	274	500
26	1280	274	2105
26	1280	274	2163
26	1280	274	727
26	1280	274	2222
26	1280	274	755
26	1280	274	784
26	1280	274	2567
27	1280	324	14
27	1280	324	758
34	1330	324	14
34	1330	324	214
34	1330	324	142
34	1330	324	1447
34	1330	324	672
34	1330	324	1265
34	1330	324	758
34	1330	324	2335
34	1330	324	880
34	1330	324	2823
34	1330	324	873
34	1330	324	1926
34	1330	324	1752
34	1330	324	876
34	1330	324	2376
34	1330	324	1333
34	1330	324	1385
34	1330	324	1250
34	1330	324	2800
34	1330	324	1286
34	1330	324	2613
34	1330	324	732
34	1330	324	2650
34	1330	324	1184
34	1330	324	2264
34	1330	324	659
34	1330	324	1167
34	1330	324	1059
34	1330	324	1318
34	1330	324	1929
34	1330	324	927
34	1330	324	2394
34	1330	324	650
34	1330	324	1920
34	1330	324	262
34	1330	324	2046
34	1330	324	2263
34	1330	324	1710
34	1330	324	1014
4	1080	24	24
4	1080	24	1509
4	1080	24	587
4	1080	24	938
4	1080	24	573
4	1080	24	621
4	1080	24	2653
4	1080	24	275
4	1080	24	33
4	1080	24	165
4	1080	24	1421
4	1080	24	813
4	1080	24	158
4	1080	24	469
4	1080	24	1295
4	1080	24	937
4	1080	24	653
4	1080	24	146
4	1080	24	562
4	1080	24	733
4	1080	24	844
4	1080	24	913
4	1080	24	1228
4	1080	24	233
4	1080	24	1024
4	1080	24	260
4	1080	24	1552
4	1080	24	836
4	1080	24	1335
4	1080	24	2632
12	1180	124	282
12	1180	124	181
12	1180	124	1264
12	1180	124	267
12	1180	124	1237
12	1180	124	580
12	1180	124	2151
12	1180	124	1459
12	1180	124	1941
12	1180	124	1575
12	1180	124	17
12	1180	124	1423
12	1180	124	2090
12	1180	124	1539
12	1180	124	125
12	1180	124	188
12	1180	124	1072
12	1180	124	445
12	1180	124	698
12	1180	124	2548
12	1180	124	2518
12	1180	124	2802
12	1180	124	817
12	1180	124	23
12	1180	124	649
12	1180	124	2533
12	1180	124	208
12	1180	124	1955
12	1180	124	754
12	1180	124	1292
12	1180	124	977
12	1180	124	1667
12	1180	124	1457
12	1180	124	1494
12	1180	124	936
12	1180	124	734
12	1180	124	625
12	1180	124	95
12	1180	124	227
12	1180	124	189
12	1180	124	789
12	1180	124	375
12	1180	124	2805
12	1180	124	1819
12	1180	124	170
12	1180	124	588
12	1180	124	2365
12	1180	124	1518
12	1180	124	717
12	1180	124	432
12	1180	124	2793
12	1180	124	9
12	1180	124	2362
12	1180	124	2803
12	1180	124	359
12	1180	124	2159
12	1180	124	1107
12	1180	124	803
12	1180	124	2075
12	1180	124	471
12	1180	124	2278
12	1180	124	2435
12	1180	124	2383
12	1180	124	2434
12	1180	124	2311
12	1180	124	99
12	1180	124	2312
12	1180	124	2761
12	1180	124	2437
12	1180	124	1855
12	1180	124	1857
12	1180	124	2079
12	1180	124	886
12	1180	124	928
25	1280	224	56
25	1280	224	127
25	1280	224	683
25	1280	224	1441
25	1280	224	151
25	1280	224	2289
25	1280	224	1574
25	1280	224	2839
25	1280	224	314
25	1280	224	2392
25	1280	224	250
25	1280	224	273
25	1280	224	1645
25	1280	224	58
25	1280	224	38
25	1280	224	2408
25	1280	224	2771
25	1280	224	2129
25	1280	224	708
25	1280	224	313
25	1280	224	261
25	1280	224	1959
25	1280	224	448
25	1280	224	2639
25	1280	224	773
25	1280	224	1856
25	1280	224	2183
25	1280	224	2282
25	1280	224	2792
25	1280	224	1426
25	1280	224	1064
25	1280	224	36
25	1280	224	975
25	1280	224	22
25	1280	224	2767
25	1280	224	93
25	1280	224	1962
25	1280	224	1642
25	1280	224	1125
25	1280	224	390
25	1280	224	78
25	1280	224	838
25	1280	224	356
25	1280	224	2757
25	1280	224	585
25	1280	224	2718
25	1280	224	2574
25	1280	224	2457
25	1280	224	800
25	1280	224	2202
25	1280	224	918
25	1280	224	755
25	1280	224	967
25	1280	224	2231
25	1280	224	1698
25	1280	224	96
25	1280	224	2733
25	1280	224	612
25	1280	224	2723
25	1280	224	1134
25	1280	224	224
25	1280	224	1402
25	1280	224	108
25	1280	224	252
25	1280	224	1001
25	1280	224	180
25	1280	224	1879
25	1280	224	898
25	1280	224	34
25	1280	224	1452
25	1280	224	1151
25	1280	224	1684
25	1280	224	2061
25	1280	224	2175
25	1280	224	1104
25	1280	224	2223
25	1280	224	832
25	1280	224	1010
25	1280	224	1432
25	1280	224	1726
25	1280	224	2534
25	1280	224	129
25	1280	224	246
25	1280	224	2340
25	1280	224	462
25	1280	224	1680
25	1280	224	2502
25	1280	224	891
25	1280	224	1296
25	1280	224	2348
25	1280	224	205
25	1280	224	1004
25	1280	224	1925
25	1280	224	1769
25	1280	224	2040
25	1280	224	1771
25	1280	224	2645
25	1280	224	2041
25	1280	224	1108
25	1280	224	1798
25	1280	224	1215
25	1280	224	1304
25	1280	224	1272
25	1280	224	1388
25	1280	224	1564
25	1280	224	1227
25	1280	224	2455
25	1280	224	1070
25	1280	224	1576
25	1280	224	1303
25	1280	224	133
25	1280	224	454
25	1280	224	1086
25	1280	224	87
25	1280	224	1786
25	1280	224	2603
25	1280	224	2043
25	1280	224	1883
25	1280	224	904
25	1280	224	1606
25	1280	224	1986
25	1280	224	463
25	1280	224	2174
25	1280	224	1654
25	1280	224	2336
25	1280	224	2242
25	1280	224	1305
25	1280	224	2822
25	1280	224	2010
25	1280	224	861
25	1280	224	1449
25	1280	224	134
25	1280	224	2749
25	1280	224	1375
25	1280	224	1082
25	1280	224	318
25	1280	224	1749
25	1280	224	330
25	1280	224	1653
25	1280	224	2596
25	1280	224	841
25	1280	224	2759
25	1280	224	1206
25	1280	224	1770
25	1280	224	2466
25	1280	224	1716
25	1280	224	1453
25	1280	224	2612
25	1280	224	1881
25	1280	224	2539
25	1280	224	1438
25	1280	224	1597
25	1280	224	706
25	1280	224	478
25	1280	224	234
25	1280	224	2784
10	1130	74	141
10	1130	74	317
10	1130	74	2785
10	1130	74	2111
10	1130	74	95
10	1130	74	334
10	1130	74	710
10	1130	74	263
10	1130	74	158
10	1130	74	1007
10	1130	74	2280
10	1130	74	5
10	1130	74	1682
10	1130	74	938
10	1130	74	1702
10	1130	74	189
10	1130	74	1391
10	1130	74	627
10	1130	74	1875
10	1130	74	940
10	1130	74	191
10	1130	74	1873
10	1130	74	2064
10	1130	74	1498
10	1130	74	469
10	1130	74	146
10	1130	74	327
10	1130	74	2781
10	1130	74	939
10	1130	74	1659
10	1130	74	491
10	1130	74	795
10	1130	74	1945
10	1130	74	1320
10	1130	74	1660
10	1130	74	2339
10	1130	74	1422
10	1130	74	1830
10	1130	74	2458
10	1130	74	154
10	1130	74	538
10	1130	74	2831
10	1130	74	1011
10	1130	74	94
18	1230	174	655
18	1230	174	362
18	1230	174	17
18	1230	174	673
18	1230	174	950
18	1230	174	171
18	1230	174	2216
18	1230	174	2178
18	1230	174	518
18	1230	174	530
18	1230	174	49
18	1230	174	2116
18	1230	174	1893
18	1230	174	1703
18	1230	174	1440
18	1230	174	1383
18	1230	174	2762
18	1230	174	1630
18	1230	174	355
18	1230	174	36
18	1230	174	616
18	1230	174	1116
18	1230	174	2316
18	1230	174	1060
18	1230	174	2343
18	1230	174	2173
18	1230	174	1146
18	1230	174	364
18	1230	174	96
18	1230	174	1382
18	1230	174	2385
18	1230	174	1507
18	1230	174	251
18	1230	174	261
18	1230	174	726
18	1230	174	287
18	1230	174	117
18	1230	174	2529
18	1230	174	1013
18	1230	174	9
18	1230	174	2465
18	1230	174	816
18	1230	174	2842
18	1230	174	2512
18	1230	174	819
18	1230	174	1943
18	1230	174	982
18	1230	174	2588
18	1230	174	331
18	1230	174	1275
18	1230	174	2446
18	1230	174	2599
33	1330	274	14
33	1330	274	175
33	1330	274	692
33	1330	274	2622
33	1330	274	565
33	1330	274	2269
33	1330	274	1706
33	1330	274	2148
33	1330	274	739
33	1330	274	2797
33	1330	274	1385
33	1330	274	148
33	1330	274	1020
33	1330	274	1184
33	1330	274	308
33	1330	274	2080
33	1330	274	2268
33	1330	274	852
33	1330	274	440
33	1330	274	1754
33	1330	274	2480
33	1330	274	883
33	1330	274	393
33	1330	274	1640
33	1330	274	2488
33	1330	274	2504
33	1330	274	81
33	1330	274	443
33	1330	274	2267
33	1330	274	1852
33	1330	274	1949
33	1330	274	1952
33	1330	274	1980
33	1330	274	2265
33	1330	274	2472
33	1330	274	1085
33	1330	274	2028
33	1330	274	264
33	1330	274	262
33	1330	274	2452
33	1330	274	2261
33	1330	274	868
33	1330	274	2500
33	1330	274	244
33	1330	274	2652
33	1330	274	796
33	1330	274	2254
33	1330	274	2125
33	1330	274	78
33	1330	274	1226
33	1330	274	2113
33	1330	274	98
33	1330	274	786
33	1330	274	1424
33	1330	274	1195
33	1330	274	1939
33	1330	274	166
33	1330	274	2698
33	1330	274	2185
33	1330	274	2674
33	1330	274	1639
33	1330	274	1690
33	1330	274	1462
33	1330	274	581
33	1330	274	2182
33	1330	274	801
33	1330	274	859
33	1330	274	1652
33	1330	274	2672
33	1330	274	1894
33	1330	274	1014
33	1330	274	1047
33	1330	274	2347
33	1330	274	1903
33	1330	274	2745
33	1330	274	1372
33	1330	274	911
33	1330	274	1159
33	1330	274	484
33	1330	274	1130
33	1330	274	1287
33	1330	274	486
33	1330	274	2266
33	1330	274	323
33	1330	274	46
33	1330	274	1466
33	1330	274	2540
33	1330	274	961
33	1330	274	2194
33	1330	274	567
33	1330	274	466
33	1330	274	2597
33	1330	274	1093
33	1330	274	2402
33	1330	274	403
33	1330	274	1592
33	1330	274	82
33	1330	274	1527
33	1330	274	1892
33	1330	274	1890
33	1330	274	656
33	1330	274	605
33	1330	274	2774
33	1330	274	1278
33	1330	274	55
33	1330	274	1155
33	1330	274	2255
33	1330	274	1514
33	1330	274	156
33	1330	274	2250
33	1330	274	35
33	1330	274	2098
33	1330	274	1077
33	1330	274	2020
33	1330	274	1625
33	1330	274	2668
33	1330	274	1898
33	1330	274	2219
33	1330	274	1139
33	1330	274	2107
33	1330	274	1028
33	1330	274	2024
33	1330	274	2857
33	1330	274	814
33	1330	274	2860
33	1330	274	2220
33	1330	274	1023
33	1330	274	1865
33	1330	274	1230
33	1330	274	1957
33	1330	274	2721
33	1330	274	1474
33	1330	274	2607
33	1330	274	1472
33	1330	274	1808
33	1330	274	657
33	1330	274	2662
33	1330	274	2666
33	1330	274	1267
33	1330	274	2218
33	1330	274	1896
33	1330	274	2492
33	1330	274	121
33	1330	274	1866
33	1330	274	28
33	1330	274	2702
33	1330	274	2859
33	1330	274	2308
33	1330	274	1623
33	1330	274	2648
33	1330	274	495
33	1330	274	1066
33	1330	274	2846
33	1330	274	570
33	1330	274	2246
33	1330	274	2726
33	1330	274	406
33	1330	274	1513
33	1330	274	1797
33	1330	274	446
33	1330	274	1463
33	1330	274	1012
33	1330	274	2027
33	1330	274	2640
33	1330	274	2414
33	1330	274	851
33	1330	274	1746
33	1330	274	1143
33	1330	274	194
33	1330	274	1214
33	1330	274	1944
33	1330	274	929
33	1330	274	150
33	1330	274	2060
33	1330	274	2477
33	1330	274	2106
33	1330	274	2026
33	1330	274	2272
33	1330	274	2003
33	1330	274	2326
33	1330	274	695
33	1330	274	984
33	1330	274	569
33	1330	274	2298
33	1330	274	1309
33	1330	274	2108
33	1330	274	357
33	1330	274	1725
33	1330	274	461
33	1330	274	1499
33	1330	274	2342
33	1330	274	2341
33	1330	274	1888
33	1330	274	1136
33	1330	274	1419
33	1330	274	1720
33	1330	274	2059
33	1330	274	2608
33	1330	274	1982
33	1330	274	61
33	1330	274	290
33	1330	274	1813
33	1330	274	679
33	1330	274	1868
33	1330	274	350
33	1330	274	1444
33	1330	274	808
33	1330	274	1864
33	1330	274	1967
33	1330	274	219
33	1330	274	2328
33	1330	274	1496
33	1330	274	222
33	1330	274	1847
33	1330	274	1845
33	1330	274	899
33	1330	274	614
33	1330	274	2820
33	1330	274	84
33	1330	274	667
33	1330	274	143
33	1330	274	2137
33	1330	274	1410
33	1330	274	882
33	1330	274	379
33	1330	274	477
33	1330	274	1120
33	1330	274	1473
33	1330	274	1404
33	1330	274	2546
33	1330	274	1969
33	1330	274	993
33	1330	274	2433
33	1330	274	1618
33	1330	274	1683
33	1330	274	376
33	1330	274	1506
33	1330	274	2431
33	1330	274	430
33	1330	274	2742
33	1330	274	1368
33	1330	274	2428
33	1330	274	1471
33	1330	274	1811
33	1330	274	1882
33	1330	274	1031
33	1330	274	1147
33	1330	274	1476
33	1330	274	1169
33	1330	274	1216
33	1330	274	2243
33	1330	274	1610
33	1330	274	1930
33	1330	274	284
33	1330	274	2696
33	1330	274	80
33	1330	274	2198
33	1330	274	871
33	1330	274	294
33	1330	274	2740
33	1330	274	281
33	1330	274	2430
33	1330	274	2427
33	1330	274	2429
33	1330	274	872
33	1330	274	2743
33	1330	274	1815
33	1330	274	2700
33	1330	274	2741
33	1330	274	962
33	1330	274	1358
33	1330	274	296
33	1330	274	2819
33	1330	274	1681
33	1330	274	333
33	1330	274	1008
33	1330	274	420
33	1330	274	1355
33	1330	274	453
33	1330	274	704
33	1330	274	412
33	1330	274	1232
33	1330	274	2739
33	1330	274	2694
33	1330	274	2147
33	1330	274	288
33	1330	274	407
7	1130	24	158
7	1130	24	469
7	1130	24	938
7	1130	24	146
7	1130	24	2462
7	1130	24	606
7	1130	24	154
7	1130	24	33
7	1130	24	844
7	1130	24	1129
7	1130	24	1365
7	1130	24	1859
7	1130	24	327
7	1130	24	94
7	1130	24	408
7	1130	24	2259
7	1130	24	29
7	1130	24	824
7	1130	24	2138
7	1130	24	1203
7	1130	24	395
7	1130	24	1838
7	1130	24	1936
7	1130	24	2813
15	1180	74	189
15	1180	74	181
15	1180	74	939
15	1180	74	337
15	1180	74	45
15	1180	74	125
15	1180	74	1498
15	1180	74	2404
15	1180	74	23
15	1180	74	1678
15	1180	74	2100
15	1180	74	2074
15	1180	74	432
15	1180	74	1662
15	1180	74	889
15	1180	74	1320
15	1180	74	506
15	1180	74	2865
15	1180	74	1830
15	1180	74	1489
15	1180	74	1417
15	1180	74	638
15	1180	74	191
15	1180	74	1185
15	1180	74	2513
15	1180	74	1076
15	1180	74	767
15	1180	74	1482
15	1180	74	525
15	1180	74	1908
15	1180	74	540
15	1180	74	327
15	1180	74	533
15	1180	74	2848
15	1180	74	1738
15	1180	74	1394
15	1180	74	2831
15	1180	74	2459
15	1180	74	2450
15	1180	74	1259
15	1180	74	1679
15	1180	74	1493
15	1180	74	972
15	1180	74	2383
15	1180	74	1079
15	1180	74	2689
15	1180	74	1367
15	1180	74	1094
15	1180	74	1325
15	1180	74	2092
15	1180	74	840
15	1180	74	538
15	1180	74	1773
15	1180	74	1740
15	1180	74	29
15	1180	74	170
15	1180	74	94
15	1180	74	696
15	1180	74	1078
15	1180	74	1834
15	1180	74	2636
15	1180	74	2327
15	1180	74	690
15	1180	74	785
15	1180	74	428
15	1180	74	1075
15	1180	74	71
15	1180	74	2397
17	1230	124	17
17	1230	124	1382
17	1230	124	9
17	1230	124	303
17	1230	124	860
17	1230	124	2362
17	1230	124	2158
17	1230	124	2730
17	1230	124	170
17	1230	124	1761
17	1230	124	678
17	1230	124	2712
17	1230	124	1204
17	1230	124	167
17	1230	124	2403
17	1230	124	248
17	1230	124	99
17	1230	124	970
17	1230	124	2251
17	1230	124	2631
17	1230	124	914
17	1230	124	1829
17	1230	124	807
17	1230	124	2420
17	1230	124	1598
17	1230	124	1792
17	1230	124	1572
17	1230	124	2324
17	1230	124	36
17	1230	124	2551
17	1230	124	1409
17	1230	124	2599
17	1230	124	228
17	1230	124	1510
17	1230	124	492
17	1230	124	2555
17	1230	124	2006
17	1230	124	2618
17	1230	124	607
17	1230	124	319
17	1230	124	164
17	1230	124	1150
17	1230	124	140
17	1230	124	2690
17	1230	124	2507
17	1230	124	1379
17	1230	124	1213
17	1230	124	1632
17	1230	124	372
17	1230	124	600
17	1230	124	345
24	1280	174	96
24	1280	174	261
24	1280	174	832
24	1280	174	1048
24	1280	174	36
24	1280	174	251
24	1280	174	1507
24	1280	174	574
24	1280	174	108
24	1280	174	22
24	1280	174	462
24	1280	174	129
24	1280	174	287
24	1280	174	2456
24	1280	174	2528
24	1280	174	819
24	1280	174	246
24	1280	174	17
24	1280	174	2010
24	1280	174	1557
24	1280	174	234
24	1280	174	1326
24	1280	174	1362
24	1280	174	87
24	1280	174	2208
24	1280	174	720
24	1280	174	948
24	1280	174	1037
24	1280	174	2836
24	1280	174	2241
24	1280	174	2806
24	1280	174	978
24	1280	174	2801
24	1280	174	723
24	1280	174	2807
24	1280	174	1555
24	1280	174	1133
24	1280	174	1796
24	1280	174	1748
24	1280	174	1570
24	1280	174	2210
24	1280	174	1415
24	1280	174	2612
24	1280	174	1964
24	1280	174	1734
24	1280	174	2595
24	1280	174	331
24	1280	174	689
24	1280	174	610
24	1280	174	1787
24	1280	174	2840
24	1280	174	1381
24	1280	174	1251
24	1280	174	2479
24	1280	174	1100
24	1280	174	1105
24	1280	174	278
24	1280	174	1669
24	1280	174	2371
24	1280	174	528
24	1280	174	107
24	1280	174	2523
24	1280	174	110
24	1280	174	190
24	1280	174	1523
24	1280	174	550
24	1280	174	11
24	1280	174	1319
24	1280	174	549
24	1280	174	442
24	1280	174	2688
24	1280	174	1820
24	1280	174	968
24	1280	174	2704
24	1280	174	2120
32	1330	224	78
32	1330	224	121
32	1330	224	390
32	1330	224	289
32	1330	224	34
32	1330	224	2207
32	1330	224	675
32	1330	224	1622
32	1330	224	1897
32	1330	224	2346
32	1330	224	2201
32	1330	224	960
32	1330	224	1620
32	1330	224	639
32	1330	224	132
32	1330	224	695
32	1330	224	512
32	1330	224	2746
32	1330	224	1481
32	1330	224	156
32	1330	224	1111
32	1330	224	1414
32	1330	224	1086
32	1330	224	932
32	1330	224	2580
32	1330	224	529
32	1330	224	1407
32	1330	224	1619
32	1330	224	93
32	1330	224	2589
32	1330	224	2021
32	1330	224	2796
32	1330	224	1922
32	1330	224	2338
32	1330	224	2764
32	1330	224	603
32	1330	224	2295
32	1330	224	1924
32	1330	224	2578
32	1330	224	2799
32	1330	224	619
32	1330	224	392
32	1330	224	1719
32	1330	224	2579
32	1330	224	2115
32	1330	224	2833
32	1330	224	1142
32	1330	224	2577
32	1330	224	1400
32	1330	224	265
32	1330	224	1396
32	1330	224	532
32	1330	224	143
32	1330	224	2660
32	1330	224	993
32	1330	224	2149
32	1330	224	1591
32	1330	224	376
32	1330	224	100
32	1330	224	2768
32	1330	224	302
32	1330	224	3
32	1330	224	1009
32	1330	224	513
32	1330	224	2249
32	1330	224	1525
32	1330	224	2197
32	1330	224	2759
32	1330	224	134
32	1330	224	316
32	1330	224	2790
32	1330	224	2789
32	1330	224	1049
32	1330	224	853
32	1330	224	2199
32	1330	224	1027
32	1330	224	1491
32	1330	224	2360
32	1330	224	823
32	1330	224	1906
32	1330	224	231
32	1330	224	1975
32	1330	224	1178
32	1330	224	343
32	1330	224	1231
32	1330	224	1524
32	1330	224	753
32	1330	224	2337
32	1330	224	318
32	1330	224	1485
32	1330	224	790
32	1330	224	707
32	1330	224	635
32	1330	224	1168
32	1330	224	1232
32	1330	224	1490
32	1330	224	1248
32	1330	224	2791
32	1330	224	2664
32	1330	224	2426
32	1330	224	2235
32	1330	224	288
32	1330	224	2350
32	1330	224	2228
32	1330	224	908
32	1330	224	1700
32	1330	224	1558
32	1330	224	1222
32	1330	224	1590
32	1330	224	617
32	1330	224	2519
32	1330	224	1670
32	1330	224	1759
32	1330	224	87
32	1330	224	2624
32	1330	224	2670
32	1330	224	709
32	1330	224	1322
32	1330	224	136
32	1330	224	2553
32	1330	224	418
32	1330	224	1543
32	1330	224	2011
32	1330	224	1315
32	1330	224	365
32	1330	224	988
32	1330	224	941
32	1330	224	354
32	1330	224	1638
32	1330	224	2094
32	1330	224	1321
32	1330	224	36
32	1330	224	778
32	1330	224	2008
32	1330	224	53
32	1330	224	2724
32	1330	224	2171
32	1330	224	2824
32	1330	224	2606
32	1330	224	1537
32	1330	224	2373
32	1330	224	1172
32	1330	224	2203
32	1330	224	2602
32	1330	224	557
32	1330	224	2087
32	1330	224	1973
32	1330	224	1777
32	1330	224	1019
32	1330	224	2009
32	1330	224	1913
32	1330	224	2691
32	1330	224	2620
32	1330	224	2345
32	1330	224	2604
32	1330	224	601
32	1330	224	2351
32	1330	224	677
32	1330	224	137
32	1330	224	1006
32	1330	224	276
32	1330	224	2012
32	1330	224	2677
32	1330	224	2277
32	1330	224	2271
32	1330	224	199
32	1330	224	828
40	1380	274	2045
40	1380	274	35
40	1380	274	1120
40	1380	274	477
40	1380	274	1209
40	1380	274	769
40	1380	274	1701
40	1380	274	1705
40	1380	274	2329
40	1380	274	1371
40	1380	274	379
40	1380	274	2610
40	1380	274	21
40	1380	274	2609
40	1380	274	333
40	1380	274	952
40	1380	274	412
40	1380	274	101
40	1380	274	143
40	1380	274	2330
40	1380	274	1814
40	1380	274	2810
40	1380	274	201
40	1380	274	2147
40	1380	274	1200
40	1380	274	1445
40	1380	274	2015
40	1380	274	52
40	1380	274	584
40	1380	274	1443
40	1380	274	1274
40	1380	274	2352
40	1380	274	1411
40	1380	274	684
40	1380	274	2552
40	1380	274	1960
40	1380	274	257
40	1380	274	2047
40	1380	274	1732
40	1380	274	2621
40	1380	274	1718
40	1380	274	2517
40	1380	274	2200
40	1380	274	2561
40	1380	274	25
40	1380	274	900
40	1380	274	360
40	1380	274	1370
40	1380	274	43
40	1380	274	2128
40	1380	274	1446
40	1380	274	1963
40	1380	274	878
40	1380	274	83
40	1380	274	435
11	1180	24	94
11	1180	24	146
11	1180	24	538
11	1180	24	29
11	1180	24	794
11	1180	24	45
11	1180	24	1099
11	1180	24	1240
11	1180	24	2307
11	1180	24	2600
11	1180	24	885
11	1180	24	1816
11	1180	24	2747
11	1180	24	1904
11	1180	24	1203
11	1180	24	71
11	1180	24	1051
11	1180	24	864
11	1180	24	485
11	1180	24	1113
11	1180	24	805
11	1180	24	1138
11	1180	24	1588
11	1180	24	1621
11	1180	24	1563
11	1180	24	213
11	1180	24	1458
11	1180	24	2395
11	1180	24	1166
11	1180	24	926
11	1180	24	775
11	1180	24	597
11	1180	24	401
11	1180	24	341
11	1180	24	474
11	1180	24	980
11	1180	24	1760
11	1180	24	79
11	1180	24	989
11	1180	24	1842
11	1180	24	2104
11	1180	24	426
11	1180	24	2673
11	1180	24	553
11	1180	24	979
11	1180	24	1392
11	1180	24	1087
11	1180	24	421
11	1180	24	2685
23	1280	124	36
23	1280	124	1100
23	1280	124	1043
23	1280	124	1379
23	1280	124	610
23	1280	124	140
23	1280	124	1577
23	1280	124	2655
23	1280	124	9
23	1280	124	2576
23	1280	124	372
23	1280	124	2318
23	1280	124	190
23	1280	124	223
23	1280	124	1420
23	1280	124	1319
23	1280	124	1966
23	1280	124	2722
23	1280	124	2835
23	1280	124	2432
23	1280	124	600
23	1280	124	1198
23	1280	124	572
23	1280	124	431
23	1280	124	2614
23	1280	124	1277
23	1280	124	1377
23	1280	124	1951
23	1280	124	345
23	1280	124	1504
23	1280	124	415
23	1280	124	292
23	1280	124	1713
23	1280	124	2843
23	1280	124	1171
23	1280	124	1161
23	1280	124	1262
23	1280	124	2424
23	1280	124	2399
23	1280	124	1968
23	1280	124	2422
23	1280	124	2401
23	1280	124	85
23	1280	124	2170
23	1280	124	2783
23	1280	124	1578
23	1280	124	2582
23	1280	124	983
23	1280	124	2481
23	1280	124	2564
23	1280	124	13
23	1280	124	688
23	1280	124	1311
23	1280	124	1542
23	1280	124	2755
23	1280	124	654
23	1280	124	1
23	1280	124	537
23	1280	124	2095
23	1280	124	523
39	1380	224	143
39	1380	224	2407
39	1380	224	988
39	1380	224	2015
39	1380	224	543
39	1380	224	257
39	1380	224	2171
39	1380	224	52
39	1380	224	136
39	1380	224	1617
39	1380	224	109
39	1380	224	2087
39	1380	224	711
39	1380	224	25
39	1380	224	850
39	1380	224	3
39	1380	224	2232
39	1380	224	1699
39	1380	224	335
39	1380	224	215
39	1380	224	2659
39	1380	224	2638
39	1380	224	1656
39	1380	224	83
39	1380	224	2195
39	1380	224	1342
39	1380	224	2114
39	1380	224	479
39	1380	224	878
39	1380	224	2727
39	1380	224	1528
39	1380	224	2130
39	1380	224	363
39	1380	224	497
39	1380	224	54
39	1380	224	1339
39	1380	224	435
39	1380	224	2032
39	1380	224	1826
39	1380	224	772
39	1380	224	974
39	1380	224	763
39	1380	224	1194
39	1380	224	2211
39	1380	224	2213
39	1380	224	2081
39	1380	224	1340
39	1380	224	2334
39	1380	224	1736
39	1380	224	1803
39	1380	224	906
39	1380	224	1046
39	1380	224	2816
39	1380	224	2141
39	1380	224	2542
39	1380	224	1268
39	1380	224	2649
39	1380	224	236
39	1380	224	2644
39	1380	224	2166
39	1380	224	286
39	1380	224	2681
39	1380	224	2647
39	1380	224	2537
39	1380	224	542
39	1380	224	828
39	1380	224	128
39	1380	224	381
39	1380	224	1002
39	1380	224	1088
39	1380	224	1096
39	1380	224	199
39	1380	224	921
39	1380	224	237
39	1380	224	2683
39	1380	224	746
39	1380	224	2051
39	1380	224	241
39	1380	224	2054
39	1380	224	2382
39	1380	224	1026
39	1380	224	339
39	1380	224	1674
39	1380	224	265
39	1380	224	686
39	1380	224	2766
39	1380	224	691
39	1380	224	1055
39	1380	224	1190
39	1380	224	2521
39	1380	224	1636
39	1380	224	27
39	1380	224	1015
39	1380	224	1810
39	1380	224	879
39	1380	224	2240
39	1380	224	137
39	1380	224	2862
39	1380	224	1633
39	1380	224	103
39	1380	224	953
39	1380	224	2493
39	1380	224	1635
39	1380	224	1329
39	1380	224	221
39	1380	224	324
39	1380	224	1470
39	1380	224	1508
39	1380	224	157
39	1380	224	2112
39	1380	224	2573
39	1380	224	1084
39	1380	224	2671
39	1380	224	1256
39	1380	224	2247
39	1380	224	503
39	1380	224	2617
39	1380	224	665
39	1380	224	830
39	1380	224	135
39	1380	224	159
39	1380	224	186
39	1380	224	1406
39	1380	224	1776
39	1380	224	1548
39	1380	224	1675
39	1380	224	1369
39	1380	224	666
39	1380	224	820
39	1380	224	1003
39	1380	224	2661
39	1380	224	2367
39	1380	224	1804
39	1380	224	599
39	1380	224	780
39	1380	224	2325
39	1380	224	342
39	1380	224	2811
39	1380	224	1559
39	1380	224	1637
39	1380	224	481
39	1380	224	1553
39	1380	224	2423
39	1380	224	541
39	1380	224	1837
39	1380	224	2736
39	1380	224	2227
39	1380	224	2814
39	1380	224	126
39	1380	224	1291
39	1380	224	986
39	1380	224	1971
39	1380	224	1828
39	1380	224	1483
39	1380	224	123
39	1380	224	1254
39	1380	224	389
21	1230	74	170
21	1230	74	1409
21	1230	74	2436
21	1230	74	23
21	1230	74	228
21	1230	74	690
21	1230	74	766
21	1230	74	607
21	1230	74	1269
21	1230	74	1757
21	1230	74	2344
21	1230	74	9
21	1230	74	29
21	1230	74	71
21	1230	74	32
21	1230	74	697
21	1230	74	590
21	1230	74	1668
21	1230	74	332
21	1230	74	1431
21	1230	74	1243
21	1230	74	345
21	1230	74	1647
21	1230	74	846
21	1230	74	2300
21	1230	74	79
21	1230	74	2568
21	1230	74	863
21	1230	74	1177
21	1230	74	1197
21	1230	74	2585
21	1230	74	1141
21	1230	74	59
21	1230	74	2323
21	1230	74	2535
21	1230	74	1869
21	1230	74	1512
21	1230	74	556
21	1230	74	2583
21	1230	74	2044
21	1230	74	2559
21	1230	74	70
21	1230	74	2225
21	1230	74	1921
21	1230	74	2468
31	1330	174	87
31	1330	174	234
31	1330	174	36
31	1330	174	1144
31	1330	174	265
31	1330	174	2476
31	1330	174	111
31	1330	174	11
31	1330	174	601
31	1330	174	2214
31	1330	174	1731
31	1330	174	1140
31	1330	174	2281
31	1330	174	394
31	1330	174	419
31	1330	174	714
31	1330	174	137
31	1330	174	190
31	1330	174	2374
31	1330	174	442
31	1330	174	890
31	1330	174	1191
31	1330	174	1074
31	1330	174	826
31	1330	174	2279
31	1330	174	1693
31	1330	174	2438
31	1330	174	400
31	1330	174	12
31	1330	174	1297
31	1330	174	64
31	1330	174	92
31	1330	174	2864
31	1330	174	1589
31	1330	174	2463
31	1330	174	2478
31	1330	174	2035
31	1330	174	310
31	1330	174	1416
31	1330	174	1799
31	1330	174	1460
31	1330	174	2253
31	1330	174	1017
31	1330	174	2377
31	1330	174	1778
31	1330	174	809
31	1330	174	2867
31	1330	174	322
31	1330	174	1911
31	1330	174	1188
31	1330	174	1696
31	1330	174	1965
31	1330	174	1317
31	1330	174	781
16	1230	24	29
16	1230	24	71
16	1230	24	1123
16	1230	24	846
16	1230	24	1166
16	1230	24	79
16	1230	24	1197
16	1230	24	320
16	1230	24	1663
16	1230	24	651
16	1230	24	487
16	1230	24	971
16	1230	24	2196
16	1230	24	195
16	1230	24	2215
16	1230	24	2861
16	1230	24	825
16	1230	24	139
16	1230	24	325
16	1230	24	32
16	1230	24	2744
16	1230	24	553
16	1230	24	1942
16	1230	24	1938
16	1230	24	2559
16	1230	24	163
16	1230	24	1018
16	1230	24	2291
16	1230	24	2014
16	1230	24	1293
16	1230	24	1392
16	1230	24	1174
16	1230	24	632
16	1230	24	2331
16	1230	24	2144
16	1230	24	1173
16	1230	24	1429
16	1230	24	539
16	1230	24	421
16	1230	24	2586
16	1230	24	1862
16	1230	24	410
16	1230	24	211
16	1230	24	434
16	1230	24	2594
16	1230	24	1456
16	1230	24	1233
16	1230	24	2531
16	1230	24	664
16	1230	24	1735
16	1230	24	622
16	1230	24	1976
16	1230	24	756
16	1230	24	1870
16	1230	24	1515
16	1230	24	1050
16	1230	24	2301
16	1230	24	122
16	1230	24	2314
16	1230	24	70
16	1230	24	373
16	1230	24	522
16	1230	24	1464
28	1280	74	345
28	1280	74	9
28	1280	74	2399
28	1280	74	1199
28	1280	74	863
28	1280	74	1062
28	1280	74	39
28	1280	74	13
28	1280	74	70
28	1280	74	556
28	1280	74	1928
28	1280	74	1974
28	1280	74	1137
28	1280	74	206
28	1280	74	2686
28	1280	74	2633
28	1280	74	2233
28	1280	74	1
28	1280	74	32
28	1280	74	571
28	1280	74	193
28	1280	74	771
28	1280	74	1921
28	1280	74	304
28	1280	74	465
28	1280	74	2039
28	1280	74	1212
28	1280	74	1586
28	1280	74	2844
28	1280	74	2837
28	1280	74	1345
28	1280	74	1307
28	1280	74	1585
28	1280	74	1580
28	1280	74	2710
28	1280	74	449
28	1280	74	1886
28	1280	74	693
28	1280	74	382
28	1280	74	2829
28	1280	74	622
28	1280	74	1289
28	1280	74	1520
28	1280	74	523
28	1280	74	1566
28	1280	74	2605
28	1280	74	483
28	1280	74	1234
28	1280	74	1751
28	1280	74	1461
28	1280	74	1549
28	1280	74	510
28	1280	74	1128
28	1280	74	2072
28	1280	74	1302
28	1280	74	837
28	1280	74	2393
28	1280	74	1257
28	1280	74	991
28	1280	74	1517
28	1280	74	877
28	1280	74	2474
28	1280	74	608
28	1280	74	1223
28	1280	74	433
28	1280	74	115
28	1280	74	680
28	1280	74	1386
28	1280	74	2720
28	1280	74	1290
28	1280	74	1824
28	1280	74	1871
28	1280	74	8
28	1280	74	118
30	1330	124	36
30	1330	124	190
30	1330	124	564
30	1330	124	2121
30	1330	124	610
30	1330	124	2122
30	1330	124	826
30	1330	124	765
30	1330	124	12
30	1330	124	1311
30	1330	124	64
30	1330	124	688
30	1330	124	1717
30	1330	124	31
30	1330	124	352
30	1330	124	92
30	1330	124	387
30	1330	124	347
30	1330	124	13
30	1330	124	1413
30	1330	124	229
30	1330	124	1
30	1330	124	73
30	1330	124	1794
30	1330	124	2053
30	1330	124	310
30	1330	124	682
30	1330	124	2849
30	1330	124	1843
30	1330	124	1676
30	1330	124	1127
30	1330	124	912
30	1330	124	909
30	1330	124	414
30	1330	124	917
30	1330	124	2230
30	1330	124	1755
30	1330	124	427
30	1330	124	566
30	1330	124	1839
30	1330	124	1389
30	1330	124	1095
30	1330	124	322
30	1330	124	2634
30	1330	124	1711
30	1330	124	520
30	1330	124	517
30	1330	124	1836
30	1330	124	144
30	1330	124	555
30	1330	124	2320
30	1330	124	2095
30	1330	124	1135
30	1330	124	2132
30	1330	124	2453
30	1330	124	2286
30	1330	124	2192
30	1330	124	351
30	1330	124	788
30	1330	124	131
30	1330	124	1657
30	1330	124	854
30	1330	124	413
30	1330	124	2082
30	1330	124	1785
30	1330	124	2285
30	1330	124	2473
30	1330	124	480
30	1330	124	1119
30	1330	124	1833
30	1330	124	1958
30	1330	124	858
30	1330	124	1300
30	1330	124	2494
30	1330	124	1643
30	1330	124	476
30	1330	124	311
30	1330	124	1644
30	1330	124	338
30	1330	124	238
30	1330	124	559
30	1330	124	2126
30	1330	124	97
30	1330	124	2245
30	1330	124	747
30	1330	124	943
30	1330	124	2442
30	1330	124	2070
30	1330	124	279
30	1330	124	2763
30	1330	124	2522
30	1330	124	2284
30	1330	124	954
30	1330	124	700
30	1330	124	280
30	1330	124	509
30	1330	124	2825
30	1330	124	1263
30	1330	124	1612
30	1330	124	247
30	1330	124	736
30	1330	124	2826
30	1330	124	1102
30	1330	124	1412
30	1330	124	2057
30	1330	124	2117
30	1330	124	1270
30	1330	124	7
30	1330	124	2827
30	1330	124	2058
30	1330	124	62
30	1330	124	258
30	1330	124	2187
30	1330	124	235
30	1330	124	1860
30	1330	124	1692
30	1330	124	1784
30	1330	124	1764
30	1330	124	1359
30	1330	124	887
30	1330	124	1707
38	1380	174	265
38	1380	174	137
38	1380	174	199
38	1380	174	879
38	1380	174	11
38	1380	174	103
38	1380	174	2438
38	1380	174	2464
38	1380	174	157
38	1380	174	2560
38	1380	174	400
38	1380	174	2238
38	1380	174	1279
38	1380	174	75
38	1380	174	503
38	1380	174	473
38	1380	174	245
38	1380	174	1895
38	1380	174	1109
38	1380	174	2834
38	1380	174	578
38	1380	174	2409
38	1380	174	2769
38	1380	174	367
38	1380	174	2078
38	1380	174	2379
38	1380	174	92
38	1380	174	1730
38	1380	174	371
38	1380	174	2460
38	1380	174	669
38	1380	174	2236
38	1380	174	472
38	1380	174	809
38	1380	174	300
38	1380	174	1405
38	1380	174	2736
38	1380	174	2788
38	1380	174	481
38	1380	174	89
38	1380	174	561
38	1380	174	182
38	1380	174	186
38	1380	174	1970
38	1380	174	1202
38	1380	174	2193
38	1380	174	2304
38	1380	174	398
38	1380	174	452
38	1380	174	10
38	1380	174	1937
38	1380	174	626
38	1380	174	1739
38	1380	174	2581
38	1380	174	2390
38	1380	174	2237
38	1380	174	1097
38	1380	174	1828
38	1380	174	1695
38	1380	174	955
38	1380	174	1497
38	1380	174	2190
38	1380	174	2188
38	1380	174	123
38	1380	174	1909
38	1380	174	2858
38	1380	174	50
38	1380	174	776
38	1380	174	1560
38	1380	174	425
38	1380	174	902
38	1380	174	2025
38	1380	174	2684
38	1380	174	2405
38	1380	174	995
38	1380	174	781
38	1380	174	48
38	1380	174	2229
38	1380	174	1602
38	1380	174	598
38	1380	174	2651
38	1380	174	1038
38	1380	174	2357
38	1380	174	389
38	1380	174	310
38	1380	174	2084
38	1380	174	2091
38	1380	174	1306
38	1380	174	965
38	1380	174	1600
38	1380	174	1163
38	1380	174	2189
38	1380	174	834
38	1380	174	138
38	1380	174	2703
38	1380	174	1201
38	1380	174	2421
38	1380	174	161
38	1380	174	1832
38	1380	174	441
38	1380	174	329
38	1380	174	1931
38	1380	174	916
38	1380	174	361
38	1380	174	1068
38	1380	174	705
38	1380	174	388
38	1380	174	1056
38	1380	174	2454
38	1380	174	547
38	1380	174	1351
38	1380	174	2486
38	1380	174	2706
38	1380	174	7
38	1380	174	1114
38	1380	174	2077
38	1380	174	2191
38	1380	174	230
38	1380	174	298
38	1380	174	1112
38	1380	174	1992
38	1380	174	299
38	1380	174	366
38	1380	174	2448
38	1380	174	2449
38	1380	174	1605
38	1380	174	2150
38	1380	174	1983
38	1380	174	1603
38	1380	174	336
38	1380	174	1604
38	1380	174	2319
38	1380	174	2447
38	1380	174	2489
38	1380	174	1601
38	1380	174	2172
38	1380	174	1538
38	1380	174	2506
38	1380	174	1649
38	1380	174	2391
38	1380	174	531
38	1380	174	1915
38	1380	174	1180
38	1380	174	2068
38	1380	174	1947
38	1380	174	1534
38	1380	174	1465
38	1380	174	1953
38	1380	174	2299
38	1380	174	1791
38	1380	174	2779
38	1380	174	2705
38	1380	174	269
38	1380	174	568
38	1380	174	20
38	1380	174	2485
38	1380	174	2490
38	1380	174	674
38	1380	174	1334
38	1380	174	1427
38	1380	174	2725
38	1380	174	2701
38	1380	174	1582
38	1380	174	1244
38	1380	174	2853
38	1380	174	1579
38	1380	174	1346
38	1380	174	2274
38	1380	174	113
38	1380	174	2152
38	1380	174	1170
38	1380	174	2487
38	1380	174	2093
38	1380	174	2
38	1380	174	1988
38	1380	174	2770
38	1380	174	1054
38	1380	174	2099
38	1380	174	896
38	1380	174	552
38	1380	174	2139
38	1380	174	4
38	1380	174	1849
38	1380	174	2532
38	1380	174	1005
38	1380	174	1626
38	1380	174	1249
38	1380	174	1821
38	1380	174	1324
38	1380	174	1801
38	1380	174	1403
38	1380	174	2101
38	1380	174	1779
38	1380	174	2541
38	1380	174	1089
38	1380	174	1288
38	1380	174	881
38	1380	174	1312
38	1380	174	2780
38	1380	174	1380
38	1380	174	2353
38	1380	174	1323
38	1380	174	2850
38	1380	174	69
38	1380	174	997
38	1380	174	831
38	1380	174	2142
38	1380	174	1932
38	1380	174	386
38	1380	174	2787
38	1380	174	1984
38	1380	174	240
38	1380	174	2845
38	1380	174	2322
38	1380	174	1502
38	1380	174	2778
38	1380	174	2832
38	1380	174	169
45	1430	224	27
45	1430	224	2119
45	1430	224	2292
45	1430	224	2665
45	1430	224	216
45	1430	224	66
45	1430	224	666
45	1430	224	342
45	1430	224	2475
45	1430	224	1691
45	1430	224	2369
45	1430	224	797
45	1430	224	985
45	1430	224	2332
45	1430	224	1330
45	1430	224	599
45	1430	224	2366
45	1430	224	593
45	1430	224	2526
45	1430	224	15
45	1430	224	207
45	1430	224	1658
45	1430	224	389
45	1430	224	1972
45	1430	224	1488
45	1430	224	2592
45	1430	224	1912
45	1430	224	2627
45	1430	224	2669
45	1430	224	1182
45	1430	224	725
45	1430	224	2667
45	1430	224	172
45	1430	224	1332
45	1430	224	594
45	1430	224	2715
45	1430	224	2527
45	1430	224	660
45	1430	224	2663
45	1430	224	2005
45	1430	224	1593
45	1430	224	2368
45	1430	224	1584
45	1430	224	1357
45	1430	224	1923
45	1430	224	1587
45	1430	224	436
45	1430	224	178
45	1430	224	1091
45	1430	224	326
45	1430	224	404
45	1430	224	1775
45	1430	224	1634
45	1430	224	1664
45	1430	224	724
45	1430	224	802
45	1430	224	897
45	1430	224	168
45	1430	224	1373
45	1430	224	2226
45	1430	224	383
45	1430	224	1469
45	1430	224	1765
45	1430	224	990
45	1430	224	701
45	1430	224	2732
22	1280	24	32
22	1280	24	622
22	1280	24	2234
22	1280	24	79
22	1280	24	70
22	1280	24	629
22	1280	24	1050
22	1280	24	163
22	1280	24	122
22	1280	24	536
22	1280	24	147
22	1280	24	2204
22	1280	24	2587
22	1280	24	2623
22	1280	24	722
22	1280	24	1495
22	1280	24	874
22	1280	24	2714
22	1280	24	2102
22	1280	24	2562
22	1280	24	827
22	1280	24	118
22	1280	24	152
22	1280	24	1677
22	1280	24	579
22	1280	24	220
22	1280	24	628
22	1280	24	116
22	1280	24	1530
22	1280	24	124
22	1280	24	812
22	1280	24	2276
22	1280	24	2630
22	1280	24	1397
22	1280	24	1831
37	1380	124	781
37	1380	124	310
37	1380	124	347
37	1380	124	752
37	1380	124	1646
37	1380	124	92
37	1380	124	1805
37	1380	124	338
37	1380	124	959
37	1380	124	1763
37	1380	124	2378
37	1380	124	144
37	1380	124	48
37	1380	124	7
37	1380	124	352
37	1380	124	1294
37	1380	124	279
37	1380	124	496
37	1380	124	280
37	1380	124	1800
37	1380	124	2310
37	1380	124	494
37	1380	124	509
37	1380	124	197
37	1380	124	2467
37	1380	124	1615
37	1380	124	2127
37	1380	124	1614
37	1380	124	1246
37	1380	124	1554
37	1380	124	1354
37	1380	124	240
37	1380	124	1
37	1380	124	2375
37	1380	124	2570
37	1380	124	196
37	1380	124	1378
37	1380	124	668
37	1380	124	2509
37	1380	124	2508
37	1380	124	524
37	1380	124	2133
37	1380	124	1110
37	1380	124	793
37	1380	124	20
37	1380	124	1844
37	1380	124	2065
37	1380	124	2536
37	1380	124	1707
37	1380	124	1782
37	1380	124	4
37	1380	124	62
37	1380	124	2275
37	1380	124	2469
37	1380	124	458
37	1380	124	2161
37	1380	124	757
37	1380	124	901
37	1380	124	2569
37	1380	124	186
37	1380	124	2516
37	1380	124	1688
37	1380	124	1561
37	1380	124	2306
37	1380	124	119
37	1380	124	2444
37	1380	124	1160
37	1380	124	1753
37	1380	124	1347
37	1380	124	2572
37	1380	124	2124
37	1380	124	1487
37	1380	124	285
37	1380	124	1789
37	1380	124	255
37	1380	124	2381
37	1380	124	1651
37	1380	124	6
37	1380	124	2754
37	1380	124	648
37	1380	124	731
37	1380	124	671
37	1380	124	2110
37	1380	124	2410
37	1380	124	1152
37	1380	124	1425
37	1380	124	1817
37	1380	124	1500
37	1380	124	1744
37	1380	124	1522
37	1380	124	1741
37	1380	124	1981
37	1380	124	920
37	1380	124	455
37	1380	124	545
37	1380	124	2752
37	1380	124	2029
37	1380	124	1729
35	1330	74	1
35	1330	74	13
35	1330	74	2287
35	1330	74	1393
35	1330	74	680
35	1330	74	340
35	1330	74	115
35	1330	74	1616
35	1330	74	903
35	1330	74	2616
35	1330	74	2451
35	1330	74	583
35	1330	74	1360
35	1330	74	77
35	1330	74	39
35	1330	74	1029
35	1330	74	631
35	1330	74	1313
35	1330	74	2525
35	1330	74	1467
35	1330	74	1697
35	1330	74	2439
35	1330	74	8
35	1330	74	232
35	1330	74	2719
35	1330	74	2751
35	1330	74	1529
35	1330	74	203
35	1330	74	153
35	1330	74	994
35	1330	74	62
35	1330	74	1221
35	1330	74	1316
35	1330	74	1655
35	1330	74	1901
35	1330	74	924
35	1330	74	70
35	1330	74	1484
35	1330	74	1783
35	1330	74	2520
35	1330	74	2838
35	1330	74	2717
35	1330	74	118
35	1330	74	1521
35	1330	74	505
35	1330	74	534
35	1330	74	374
35	1330	74	719
35	1330	74	2716
35	1330	74	745
35	1330	74	1780
35	1330	74	2530
35	1330	74	305
35	1330	74	685
35	1330	74	894
35	1330	74	2062
35	1330	74	779
35	1330	74	2359
35	1330	74	548
35	1330	74	2441
35	1330	74	482
35	1330	74	2443
35	1330	74	2037
35	1330	74	65
35	1330	74	176
35	1330	74	1884
35	1330	74	1283
35	1330	74	41
35	1330	74	1853
35	1330	74	1081
35	1330	74	1356
35	1330	74	946
35	1330	74	1694
35	1330	74	521
35	1330	74	1156
35	1330	74	645
35	1330	74	2396
35	1330	74	1934
35	1330	74	457
35	1330	74	2052
35	1330	74	1245
35	1330	74	843
35	1330	74	2083
35	1330	74	1451
35	1330	74	1650
44	1430	174	389
44	1430	174	1218
44	1430	174	123
44	1430	174	299
44	1430	174	212
44	1430	174	895
44	1430	174	1915
44	1430	174	2086
44	1430	174	172
44	1430	174	594
44	1430	174	186
44	1430	174	2593
44	1430	174	2554
44	1430	174	642
44	1430	174	106
44	1430	174	2411
44	1430	174	791
44	1430	174	1914
44	1430	174	1439
44	1430	174	1210
44	1430	174	2313
44	1430	174	2737
44	1430	174	2412
44	1430	174	531
44	1430	174	2146
44	1430	174	1285
44	1430	174	2088
44	1430	174	326
44	1430	174	1916
44	1430	174	178
44	1430	174	404
44	1430	174	835
44	1430	174	2550
44	1430	174	2398
44	1430	174	2387
44	1430	174	724
44	1430	174	1005
44	1430	174	19
44	1430	174	811
44	1430	174	168
44	1430	174	1872
44	1430	174	312
44	1430	174	1550
44	1430	174	735
44	1430	174	2
44	1430	174	2841
44	1430	174	2713
44	1430	174	1373
44	1430	174	2305
44	1430	174	270
44	1430	174	1352
44	1430	174	2031
44	1430	174	2505
44	1430	174	113
44	1430	174	1145
44	1430	174	1437
44	1430	174	774
44	1430	174	2258
44	1430	174	856
44	1430	174	383
44	1430	174	1021
44	1430	174	2643
44	1430	174	2123
44	1430	174	1132
44	1430	174	1284
44	1430	174	504
44	1430	174	225
44	1430	174	386
44	1430	174	226
44	1430	174	1571
44	1430	174	2002
44	1430	174	2558
44	1430	174	2445
44	1430	174	2176
44	1430	174	2038
44	1430	174	2629
44	1430	174	2601
44	1430	174	2000
44	1430	174	1807
44	1430	174	1336
44	1430	174	2697
44	1430	174	2013
44	1430	174	2491
44	1430	174	1851
44	1430	174	1131
44	1430	174	1098
44	1430	174	37
44	1430	174	2017
44	1430	174	1996
44	1430	174	2695
44	1430	174	368
44	1430	174	1035
44	1430	174	444
44	1430	174	1399
44	1430	174	663
44	1430	174	2657
44	1430	174	1328
44	1430	174	2140
44	1430	174	2503
44	1430	174	2169
44	1430	174	1672
44	1430	174	2168
44	1430	174	1907
44	1430	174	380
44	1430	174	2016
44	1430	174	2186
44	1430	174	1433
44	1430	174	1863
44	1430	174	2165
44	1430	174	20
44	1430	174	1900
44	1430	174	949
44	1430	174	2709
44	1430	174	2821
44	1430	174	1878
44	1430	174	2180
44	1430	174	2417
44	1430	174	922
44	1430	174	353
44	1430	174	1192
44	1430	174	842
44	1430	174	2167
44	1430	174	1825
44	1430	174	1998
44	1430	174	2001
44	1430	174	1241
44	1430	174	2678
44	1430	174	1526
44	1430	174	2856
44	1430	174	743
44	1430	174	1193
44	1430	174	1997
44	1430	174	2708
44	1430	174	750
44	1430	174	2499
44	1430	174	783
44	1430	174	596
44	1430	174	2656
44	1430	174	2707
44	1430	174	2363
44	1430	174	1999
44	1430	174	869
44	1430	174	2212
44	1430	174	634
44	1430	174	2294
44	1430	174	2067
44	1430	174	1503
44	1430	174	1991
44	1430	174	183
44	1430	174	2406
44	1430	174	169
44	1430	174	935
44	1430	174	1874
44	1430	174	2048
44	1430	174	1073
44	1430	174	595
44	1430	174	1877
44	1430	174	615
44	1430	174	987
44	1430	174	86
44	1430	174	1533
44	1430	174	2711
44	1430	174	907
44	1430	174	730
44	1430	174	489
44	1430	174	2069
44	1430	174	1430
44	1430	174	2692
44	1430	174	2416
44	1430	174	1280
44	1430	174	721
44	1430	174	2309
44	1430	174	1671
44	1430	174	1063
44	1430	174	2563
44	1430	174	1115
44	1430	174	2496
44	1430	174	277
44	1430	174	2181
44	1430	174	640
44	1430	174	777
44	1430	174	661
44	1430	174	2484
44	1430	174	981
44	1430	174	1885
44	1430	174	1350
44	1430	174	2828
44	1430	174	501
44	1430	174	2415
44	1430	174	1408
44	1430	174	2818
44	1430	174	884
44	1430	174	2143
44	1430	174	1848
44	1430	174	1455
44	1430	174	829
44	1430	174	2557
44	1430	174	1242
44	1430	174	2071
44	1430	174	1058
44	1430	174	999
44	1430	174	1052
44	1430	174	385
44	1430	174	1364
44	1430	174	1034
44	1430	174	1083
44	1430	174	467
44	1430	174	2854
44	1430	174	2419
44	1430	174	998
44	1430	174	1042
44	1430	174	72
44	1430	174	243
44	1430	174	1044
44	1430	174	2134
44	1430	174	1033
44	1430	174	1742
44	1430	174	309
44	1430	174	646
44	1430	174	1990
44	1430	174	2693
44	1430	174	315
44	1430	174	1687
44	1430	174	687
44	1430	174	1978
44	1430	174	242
44	1430	174	307
44	1430	174	1861
44	1430	174	2297
44	1430	174	1728
44	1430	174	1057
44	1430	174	956
44	1430	174	2847
44	1430	174	2004
44	1430	174	2089
44	1430	174	2547
44	1430	174	1689
44	1430	174	1282
44	1430	174	2748
44	1430	174	1450
44	1430	174	591
44	1430	174	90
44	1430	174	174
44	1430	174	2699
44	1430	174	905
44	1430	174	576
44	1430	174	2626
44	1430	174	321
44	1430	174	1989
44	1430	174	1961
44	1430	174	2315
44	1430	174	1349
44	1430	174	1551
44	1430	174	716
44	1430	174	511
44	1430	174	1016
44	1430	174	1348
44	1430	174	1995
44	1430	174	293
44	1430	174	658
44	1430	174	1189
44	1430	174	328
44	1430	174	2033
44	1430	174	2217
44	1430	174	2809
44	1430	174	2209
44	1430	174	198
44	1430	174	2073
44	1430	174	1809
44	1430	174	2007
29	1330	24	118
29	1330	24	482
29	1330	24	70
29	1330	24	867
29	1330	24	719
29	1330	24	577
29	1330	24	1118
29	1330	24	2293
29	1330	24	65
29	1330	24	116
29	1330	24	628
29	1330	24	1581
29	1330	24	2425
29	1330	24	2524
29	1330	24	220
29	1330	24	2296
29	1330	24	1039
29	1330	24	378
29	1330	24	130
29	1330	24	1261
29	1330	24	554
29	1330	24	1831
29	1330	24	815
29	1330	24	624
29	1330	24	16
29	1330	24	1025
29	1330	24	1766
29	1330	24	1905
29	1330	24	249
29	1330	24	2333
29	1330	24	713
29	1330	24	493
29	1330	24	2154
29	1330	24	1271
29	1330	24	44
29	1330	24	1428
29	1330	24	546
29	1330	24	1387
29	1330	24	377
29	1330	24	1880
29	1330	24	957
29	1330	24	1341
29	1330	24	1492
29	1330	24	459
29	1330	24	760
29	1330	24	1562
29	1330	24	2658
29	1330	24	1569
29	1330	24	586
29	1330	24	715
41	1380	74	1
41	1380	74	62
41	1380	74	1160
41	1380	74	2037
41	1380	74	119
41	1380	74	637
41	1380	74	2248
41	1380	74	204
41	1380	74	737
41	1380	74	2675
41	1380	74	1338
41	1380	74	2381
41	1380	74	457
41	1380	74	6
41	1380	74	919
41	1380	74	65
41	1380	74	920
41	1380	74	118
41	1380	74	633
41	1380	74	20
41	1380	74	514
41	1380	74	545
41	1380	74	1737
41	1380	74	810
41	1380	74	1030
41	1380	74	218
41	1380	74	2022
41	1380	74	409
41	1380	74	1685
41	1380	74	1917
41	1380	74	2571
41	1380	74	1040
41	1380	74	1665
41	1380	74	1729
41	1380	74	1337
41	1380	74	202
41	1380	74	2085
41	1380	74	402
41	1380	74	1608
41	1380	74	2619
41	1380	74	1252
41	1380	74	57
41	1380	74	439
41	1380	74	1511
41	1380	74	662
41	1380	74	1041
41	1380	74	2155
41	1380	74	915
41	1380	74	2501
41	1380	74	1186
41	1380	74	2498
41	1380	74	1217
43	1430	124	169
43	1430	124	20
43	1430	124	186
43	1430	124	822
43	1430	124	1117
43	1430	124	467
43	1430	124	1299
43	1430	124	1651
43	1430	124	1818
43	1430	124	2565
43	1430	124	68
43	1430	124	848
43	1430	124	315
43	1430	124	849
43	1430	124	285
43	1430	124	2145
43	1430	124	992
43	1430	124	1648
43	1430	124	2262
43	1430	124	1743
43	1430	124	1425
43	1430	124	2418
43	1430	124	2543
43	1430	124	438
43	1430	124	72
43	1430	124	200
43	1430	124	1977
43	1430	124	1344
43	1430	124	1609
43	1430	124	933
43	1430	124	511
43	1430	124	455
43	1430	124	1157
43	1430	124	1384
43	1430	124	1547
43	1430	124	1993
43	1430	124	742
43	1430	124	969
43	1430	124	2687
43	1430	124	2063
43	1430	124	198
43	1430	124	694
43	1430	124	1196
43	1430	124	173
43	1430	124	254
43	1430	124	328
43	1430	124	1390
43	1430	124	1205
43	1430	124	1729
43	1430	124	1985
43	1430	124	1631
43	1430	124	1314
43	1430	124	1366
43	1430	124	293
43	1430	124	1546
43	1430	124	761
43	1430	124	120
43	1430	124	558
43	1430	124	2786
43	1430	124	145
43	1430	124	1065
43	1430	124	641
43	1430	124	1629
43	1430	124	1927
43	1430	124	1235
43	1430	124	259
43	1430	124	57
43	1430	124	2680
43	1430	124	740
43	1430	124	1219
43	1430	124	1889
43	1430	124	575
49	1480	174	37
49	1480	174	187
49	1480	174	1661
49	1480	174	192
49	1480	174	716
49	1480	174	1149
49	1480	174	2164
49	1480	174	174
49	1480	174	857
49	1480	174	2753
49	1480	174	1994
49	1480	174	186
49	1480	174	2177
49	1480	174	1207
49	1480	174	2461
49	1480	174	2209
49	1480	174	1809
49	1480	174	2817
49	1480	174	2023
49	1480	174	346
49	1480	174	1331
49	1480	174	2544
49	1480	174	1092
49	1480	174	293
49	1480	174	964
49	1480	174	963
49	1480	174	1208
49	1480	174	764
49	1480	174	729
49	1480	174	1858
49	1480	174	1211
49	1480	174	741
49	1480	174	348
49	1480	174	2135
49	1480	174	2679
49	1480	174	2413
49	1480	174	2815
49	1480	174	1840
49	1480	174	1000
49	1480	174	498
49	1480	174	370
49	1480	174	2384
49	1480	174	2772
49	1480	174	20
49	1480	174	630
49	1480	174	751
49	1480	174	845
36	1380	24	65
36	1380	24	118
36	1380	24	459
36	1380	24	2760
36	1380	24	1569
36	1380	24	218
36	1380	24	2050
36	1380	24	253
36	1380	24	502
36	1380	24	44
36	1380	24	1480
36	1380	24	2389
36	1380	24	744
36	1380	24	893
36	1380	24	217
36	1380	24	2471
36	1380	24	2361
36	1380	24	451
36	1380	24	1179
36	1380	24	57
36	1380	24	256
36	1380	24	1106
36	1380	24	422
36	1380	24	42
36	1380	24	1519
36	1380	24	2205
36	1380	24	1762
36	1380	24	1454
36	1380	24	2097
36	1380	24	1613
36	1380	24	2795
36	1380	24	945
36	1380	24	527
36	1380	24	1607
36	1380	24	468
36	1380	24	563
36	1380	24	2018
36	1380	24	499
36	1380	24	782
36	1380	24	944
36	1380	24	833
36	1380	24	1628
36	1380	24	804
36	1380	24	1599
36	1380	24	2497
36	1380	24	875
48	1480	124	293
48	1480	124	186
48	1480	124	558
48	1480	124	2511
48	1480	124	254
48	1480	124	348
48	1480	124	1065
48	1480	124	1891
48	1480	124	470
48	1480	124	2510
48	1480	124	20
48	1480	124	464
48	1480	124	845
48	1480	124	291
48	1480	124	60
48	1480	124	740
48	1480	124	2758
48	1480	124	2729
48	1480	124	636
48	1480	124	1935
48	1480	124	1918
48	1480	124	2257
48	1480	124	575
48	1480	124	1933
48	1480	124	1148
48	1480	124	1505
48	1480	124	1727
48	1480	124	2637
48	1480	124	892
48	1480	124	958
48	1480	124	1919
48	1480	124	155
48	1480	124	105
48	1480	124	26
48	1480	124	274
48	1480	124	475
48	1480	124	516
48	1480	124	149
48	1480	124	1090
48	1480	124	1053
48	1480	124	1479
48	1480	124	2153
48	1480	124	1596
48	1480	124	2388
48	1480	124	1220
48	1480	124	76
48	1480	124	2386
48	1480	124	996
48	1480	124	770
48	1480	124	1036
48	1480	124	2545
46	1430	74	20
46	1430	74	1729
46	1430	74	57
46	1430	74	6
46	1430	74	641
46	1430	74	1253
46	1430	74	1219
46	1430	74	450
46	1430	74	1376
46	1430	74	575
46	1430	74	218
46	1430	74	1401
46	1430	74	1298
46	1430	74	271
46	1430	74	1501
46	1430	74	47
46	1430	74	160
46	1430	74	2290
46	1430	74	266
46	1430	74	1802
46	1430	74	1361
46	1430	74	1709
46	1430	74	2611
46	1430	74	2483
46	1430	74	1954
46	1430	74	2756
46	1430	74	966
46	1430	74	749
46	1430	74	2354
46	1430	74	1103
46	1430	74	1162
46	1430	74	2019
46	1430	74	1395
42	1430	24	57
42	1430	24	218
42	1430	24	1106
42	1430	24	1454
42	1430	24	118
42	1430	24	210
42	1430	24	468
42	1430	24	2851
42	1430	24	1745
42	1430	24	1835
42	1430	24	1956
42	1430	24	2615
42	1430	24	2495
42	1430	24	782
42	1430	24	611
42	1430	24	20
42	1430	24	2103
42	1430	24	1594
42	1430	24	2497
42	1430	24	2728
42	1430	24	1627
42	1430	24	1442
42	1430	24	2055
42	1430	24	1255
42	1430	24	1103
42	1430	24	1827
42	1430	24	618
42	1430	24	112
42	1430	24	1164
42	1430	24	1395
42	1430	24	30
42	1430	24	1540
42	1430	24	1747
42	1430	24	2321
42	1430	24	718
42	1430	24	63
42	1430	24	1899
42	1430	24	1032
42	1430	24	1327
42	1430	24	925
42	1430	24	1069
42	1430	24	1153
42	1430	24	866
42	1430	24	551
42	1430	24	544
42	1430	24	2034
42	1430	24	2349
42	1430	24	934
42	1430	24	2440
50	1480	74	575
50	1480	74	20
50	1480	74	57
50	1480	74	47
50	1480	74	155
50	1480	74	855
50	1480	74	2364
50	1480	74	910
50	1480	74	2855
50	1480	74	749
50	1480	74	1758
50	1480	74	738
50	1480	74	2162
50	1480	74	271
50	1480	74	2302
50	1480	74	76
50	1480	74	670
50	1480	74	1823
50	1480	74	839
50	1480	74	2642
50	1480	74	2358
50	1480	74	507
50	1480	74	2590
50	1480	74	2591
50	1480	74	2635
50	1480	74	2019
50	1480	74	1395
50	1480	74	1022
50	1480	74	112
50	1480	74	703
50	1480	74	947
50	1480	74	1398
50	1480	74	676
50	1480	74	358
50	1480	74	2056
52	1530	124	20
52	1530	124	26
52	1530	124	149
52	1530	124	792
52	1530	124	105
52	1530	124	604
52	1530	124	1756
52	1530	124	515
52	1530	124	1281
52	1530	124	526
52	1530	124	155
52	1530	124	1022
52	1530	124	865
47	1480	24	20
47	1480	24	1395
47	1480	24	112
47	1480	24	30
47	1480	24	218
47	1480	24	437
47	1480	24	551
47	1480	24	976
47	1480	24	349
47	1480	24	399
47	1480	24	423
47	1480	24	2628
47	1480	24	934
47	1480	24	560
47	1480	24	358
47	1480	24	2036
47	1480	24	1686
47	1480	24	931
47	1480	24	1154
47	1480	24	2625
47	1480	24	951
47	1480	24	2049
47	1480	24	1158
47	1480	24	67
47	1480	24	397
47	1480	24	942
47	1480	24	519
47	1480	24	2782
47	1480	24	2866
47	1480	24	1080
47	1480	24	74
47	1480	24	806
47	1480	24	748
47	1480	24	2682
53	1530	74	1022
53	1530	74	20
53	1530	74	40
53	1530	74	865
53	1530	74	1266
53	1530	74	1229
53	1530	74	358
53	1530	74	2514
53	1530	74	1673
53	1530	74	2750
53	1530	74	589
53	1530	74	1556
53	1530	74	2575
53	1530	74	2372
53	1530	74	620
53	1530	74	681
53	1530	74	1260
53	1530	74	1238
53	1530	74	1225
51	1530	24	20
51	1530	24	358
51	1530	24	397
51	1530	24	40
51	1530	24	519
51	1530	24	1276
51	1530	24	1238
51	1530	24	268
51	1530	24	30
51	1530	24	2863
51	1530	24	762
51	1530	24	748
51	1530	24	1225
51	1530	24	602
51	1530	24	391
51	1530	24	2765
51	1530	24	930
51	1530	24	88
51	1530	24	1715
51	1530	24	369
51	1530	24	1165
51	1530	24	405
51	1530	24	643
51	1530	24	1795
51	1530	24	821
51	1530	24	2283
51	1530	24	582
51	1530	24	1343
51	1530	24	344
51	1530	24	647
55	1580	74	40
55	1580	74	681
55	1580	74	620
55	1580	74	1418
55	1580	74	1225
54	1580	24	1225
54	1580	24	40
54	1580	24	681
54	1580	24	88
54	1580	24	643
54	1580	24	1175
54	1580	24	2273
54	1580	24	1374
54	1580	24	870
54	1580	24	647
54	1580	24	184
54	1580	24	1940
54	1580	24	2239
54	1580	24	1987
54	1580	24	114
54	1580	24	416
54	1580	24	1475
54	1580	24	1301
54	1580	24	1067
54	1580	24	728
54	1580	24	1239
54	1580	24	2244
54	1580	24	1793
54	1580	24	2288
54	1580	24	306
56	1630	24	40
56	1630	24	184
56	1630	24	1239
56	1630	24	114
56	1630	24	88
56	1630	24	306
56	1630	24	301
56	1630	24	1236
56	1630	24	759
56	1630	24	1101
56	1630	24	1846
56	1630	24	1477
56	1630	24	1535
56	1630	24	1781
56	1630	24	818
56	1630	24	1790
56	1630	24	1531
56	1630	24	2096
