xmin	xmax	ymin	ymax	showSelected1	row_in_group	na_group
1.55	2.45	-0.473115260423979	0	1000,0	1	0
2.55	3.45	-0.0845851467078478	0	1000,0	2	0
3.55	4.45	-0.213744208900744	0	1000,0	3	0
4.55	5.45	-0.285343254246806	0	1000,0	4	0
-42.45	-41.55	-0.299382282746034	0	1050,0	7	2
-41.45	-40.55	-2.35399410360803	0	1050,0	8	2
-40.45	-39.55	-0.663695072300997	0	1050,0	9	2
-39.45	-38.55	-1.03257054611821	0	1050,0	10	2
-38.45	-37.55	-1.15962375403622	0	1050,0	11	2
-35.45	-34.55	-1.17366278253545	0	1050,0	14	4
-34.45	-33.55	-1.87491225607188	0	1050,0	15	4
-33.45	-32.55	-0.13617857644251	0	1050,0	16	4
-32.45	-31.55	-1.47374701670644	0	1050,0	17	4
-31.45	-30.55	-0.414502316439702	0	1050,0	18	4
-30.45	-29.55	-0.547171135757406	0	1050,0	19	4
-29.45	-28.55	-0.649656043801769	0	1050,0	20	4
-28.45	-27.55	-0.460480134774674	0	1050,0	21	4
-27.45	-26.55	-1.28808086480416	0	1050,0	22	4
-26.45	-25.55	-0.959567597922224	0	1050,0	23	4
-25.45	-24.55	-0.639828723852309	0	1050,0	24	4
-24.45	-23.55	-1.87842201319669	0	1050,0	25	4
-23.45	-22.55	-0.479081847536151	0	1050,0	26	4
-21.45	-20.55	-0.555243577144462	0	1050,0	28	5
-20.45	-19.55	-0.0810753895830409	0	1050,0	29	5
-19.45	-18.55	-0.0186017127614769	0	1050,0	30	5
-17.45	-16.55	-0.476274041836305	0	1050,0	32	6
-16.45	-15.55	-0.732486311947213	0	1050,0	33	6
-13.45	-12.55	-0.648252140951846	0	1050,0	36	8
-12.45	-11.55	-0.0147409799241892	0	1050,0	37	8
-10.45	-9.55	-0.0810753895830409	0	1050,0	39	9
-9.45	-8.55	-0.164256633440966	0	1050,0	40	9
-8.45	-7.55	-2.15920258318124	0	1050,0	41	9
-7.45	-6.55	-0.316580092657588	0	1050,0	42	9
-5.45	-4.55	-0.207777621788572	0	1050,0	44	10
-2.45	-1.55	-0.762319247508073	0	1050,0	47	12
-1.45	-0.55	-0.878492208339183	0	1050,0	48	12
-0.45	0.45	-2.22974870138986	0	1050,0	49	12
0.55	1.45	-0.574898217043381	0	1050,0	50	12
1.55	2.45	-0.151972483504142	0	1050,0	51	12
2.55	3.45	-0.0772146567457532	0	1050,0	52	12
-42.45	-41.55	-0.299382282746034	0	1050,50	56	15
-41.45	-40.55	-2.35399410360803	0	1050,50	57	15
-40.45	-39.55	-0.663695072300997	0	1050,50	58	15
-39.45	-38.55	-1.03257054611821	0	1050,50	59	15
-38.45	-37.55	-1.15962375403622	0	1050,50	60	15
-35.45	-34.55	-1.17366278253545	0	1050,50	63	17
-34.45	-33.55	-1.87491225607188	0	1050,50	64	17
-33.45	-32.55	-0.13617857644251	0	1050,50	65	17
-32.45	-31.55	-1.47374701670644	0	1050,50	66	17
-31.45	-30.55	-0.414502316439702	0	1050,50	67	17
-30.45	-29.55	-0.547171135757406	0	1050,50	68	17
-29.45	-28.55	-0.649656043801769	0	1050,50	69	17
-28.45	-27.55	-0.460480134774674	0	1050,50	70	17
-27.45	-26.55	-1.28808086480416	0	1050,50	71	17
-26.45	-25.55	-0.959567597922224	0	1050,50	72	17
-25.45	-24.55	-0.639828723852309	0	1050,50	73	17
-24.45	-23.55	-1.87842201319669	0	1050,50	74	17
-23.45	-22.55	-0.479081847536151	0	1050,50	75	17
-21.45	-20.55	-0.555243577144462	0	1050,50	77	18
-20.45	-19.55	-0.0810753895830409	0	1050,50	78	18
-19.45	-18.55	-0.0186017127614769	0	1050,50	79	18
-17.45	-16.55	-0.476274041836305	0	1050,50	81	19
-16.45	-15.55	-0.732486311947213	0	1050,50	82	19
-13.45	-12.55	-0.648252140951846	0	1050,50	85	21
-12.45	-11.55	-0.0147409799241892	0	1050,50	86	21
-10.45	-9.55	-0.0810753895830409	0	1050,50	88	22
-9.45	-8.55	-0.164256633440966	0	1050,50	89	22
-8.45	-7.55	-2.15920258318124	0	1050,50	90	22
-7.45	-6.55	-0.316580092657588	0	1050,50	91	22
-5.45	-4.55	-0.207777621788572	0	1050,50	93	23
-2.45	-1.55	-0.762319247508073	0	1050,50	96	25
-1.45	-0.55	-0.878492208339183	0	1050,50	97	25
-0.45	0.45	-2.22974870138986	0	1050,50	98	25
0.55	1.45	-0.574898217043381	0	1050,50	99	25
1.55	2.45	-0.151972483504142	0	1050,50	100	25
2.55	3.45	-0.0772146567457532	0	1050,50	101	25
-45.45	-44.55	-0.0593148954092377	0	1100,50	103	26
-44.45	-43.55	-0.150217604941738	0	1100,50	104	26
-43.45	-42.55	-2.16095746174365	0	1100,50	105	26
-41.45	-40.55	-1.08977958725256	0	1100,50	107	27
-39.45	-38.55	-0.0424680612101643	0	1100,50	109	28
-38.45	-37.55	-0.678085076512705	0	1100,50	110	28
-32.45	-31.55	-0.0614207496841219	0	1100,50	116	33
-26.45	-25.55	-1.68012073564509	0	1100,50	122	38
-25.45	-24.55	-0.652463849501615	0	1100,50	123	38
-24.45	-23.55	-0.92236417239927	0	1100,50	124	38
-23.45	-22.55	-1.69240488558192	0	1100,50	125	38
-22.45	-21.55	-1.45374140109504	0	1100,50	126	38
-21.45	-20.55	-0.520146005896392	0	1100,50	127	38
-20.45	-19.55	-3.41288782816229	0	1100,50	128	38
-19.45	-18.55	-1.54324020777762	0	1100,50	129	38
-18.45	-17.55	-0.349571809630774	0	1100,50	130	38
-17.45	-16.55	-0.966938087884318	0	1100,50	131	38
-16.45	-15.55	-1.55236557630212	0	1100,50	132	38
-15.45	-14.55	-2.10760915344658	0	1100,50	133	38
-14.45	-13.55	-0.88200196546399	0	1100,50	134	38
-13.45	-12.55	-1.75101782956619	0	1100,50	135	38
-12.45	-11.55	-0.32254667976976	0	1100,50	136	38
-10.45	-9.55	-2.15709672890636	0	1100,50	138	39
-9.45	-8.55	-1.28386915625439	0	1100,50	139	39
-8.45	-7.55	-2.66074687631616	0	1100,50	140	39
-7.45	-6.55	-0.897444896813141	0	1100,50	141	39
-6.45	-5.55	-0.0178997613365155	0	1100,50	142	39
-5.45	-4.55	-2.44279095886565	0	1100,50	143	39
-4.45	-3.55	-0.593499929804858	0	1100,50	144	39
-3.45	-2.55	-0.209883476063456	0	1100,50	145	39
-2.45	-1.55	-0.915344658149656	0	1100,50	146	39
-1.45	-0.55	-1.27474378772989	0	1100,50	147	39
0.55	1.45	-2.03320230240067	0	1100,50	149	40
1.55	2.45	-0.132317843605223	0	1100,50	150	40
2.55	3.45	-0.708268987786045	0	1100,50	151	40
3.55	4.45	-1.93106837006879	0	1100,50	152	40
4.55	5.45	-0.652112873789134	0	1100,50	153	40
-45.45	-44.55	-0.0593148954092377	0	1100,100	154	40
-44.45	-43.55	-0.150217604941738	0	1100,100	155	40
-43.45	-42.55	-2.16095746174365	0	1100,100	156	40
-41.45	-40.55	-1.08977958725256	0	1100,100	158	41
-39.45	-38.55	-0.0424680612101643	0	1100,100	160	42
-38.45	-37.55	-0.678085076512705	0	1100,100	161	42
-32.45	-31.55	-0.0614207496841219	0	1100,100	167	47
-26.45	-25.55	-1.68012073564509	0	1100,100	173	52
-25.45	-24.55	-0.652463849501615	0	1100,100	174	52
-24.45	-23.55	-0.92236417239927	0	1100,100	175	52
-23.45	-22.55	-1.69240488558192	0	1100,100	176	52
-22.45	-21.55	-1.45374140109504	0	1100,100	177	52
-21.45	-20.55	-0.520146005896392	0	1100,100	178	52
-20.45	-19.55	-3.41288782816229	0	1100,100	179	52
-19.45	-18.55	-1.54324020777762	0	1100,100	180	52
-18.45	-17.55	-0.349571809630774	0	1100,100	181	52
-17.45	-16.55	-0.966938087884318	0	1100,100	182	52
-16.45	-15.55	-1.55236557630212	0	1100,100	183	52
-15.45	-14.55	-2.10760915344658	0	1100,100	184	52
-14.45	-13.55	-0.88200196546399	0	1100,100	185	52
-13.45	-12.55	-1.75101782956619	0	1100,100	186	52
-12.45	-11.55	-0.32254667976976	0	1100,100	187	52
-10.45	-9.55	-2.15709672890636	0	1100,100	189	53
-9.45	-8.55	-1.28386915625439	0	1100,100	190	53
-8.45	-7.55	-2.66074687631616	0	1100,100	191	53
-7.45	-6.55	-0.897444896813141	0	1100,100	192	53
-6.45	-5.55	-0.0178997613365155	0	1100,100	193	53
-5.45	-4.55	-2.44279095886565	0	1100,100	194	53
-4.45	-3.55	-0.593499929804858	0	1100,100	195	53
-3.45	-2.55	-0.209883476063456	0	1100,100	196	53
-2.45	-1.55	-0.915344658149656	0	1100,100	197	53
-1.45	-0.55	-1.27474378772989	0	1100,100	198	53
0.55	1.45	-2.03320230240067	0	1100,100	200	54
1.55	2.45	-0.132317843605223	0	1100,100	201	54
2.55	3.45	-0.708268987786045	0	1100,100	202	54
3.55	4.45	-1.93106837006879	0	1100,100	203	54
4.55	5.45	-0.652112873789134	0	1100,100	204	54
-44.45	-43.55	-1.77067246946511	0	1150,100	205	54
-43.45	-42.55	-2.37575459778183	0	1150,100	206	54
-42.45	-41.55	-3.63189667275025	0	1150,100	207	54
-41.45	-40.55	-1.92615471009406	0	1150,100	208	54
-40.45	-39.55	-0.813210725817774	0	1150,100	209	54
-39.45	-38.55	-2.05496279657448	0	1150,100	210	54
-37.45	-36.55	-0.565772848518883	0	1150,100	212	55
-36.45	-35.55	-0.518742103046469	0	1150,100	213	55
-35.45	-34.55	-0.0147409799241892	0	1150,100	214	55
-34.45	-33.55	-0.633511161027657	0	1150,100	215	55
-32.45	-31.55	-0.111259300856381	0	1150,100	217	56
-31.45	-30.55	-0.175487856240348	0	1150,100	218	56
-30.45	-29.55	-0.807244138705602	0	1150,100	219	56
-29.45	-28.55	-0.217253966025551	0	1150,100	220	56
-26.45	-25.55	-0.316229116945107	0	1150,100	223	58
-24.45	-23.55	-0.0147409799241892	0	1150,100	225	59
-22.45	-21.55	-0.744419486171557	0	1150,100	227	60
-21.45	-20.55	-1.02379615330619	0	1150,100	228	60
-20.45	-19.55	-0.948687350835322	0	1150,100	229	60
-19.45	-18.55	-1.03748420609294	0	1150,100	230	60
-18.45	-17.55	-2.03495718096308	0	1150,100	231	60
-17.45	-16.55	-0.526814544433525	0	1150,100	232	60
-16.45	-15.55	-0.509616734521971	0	1150,100	233	60
-13.45	-12.55	-0.0298329355608592	0	1150,100	236	62
-12.45	-11.55	-0.856380738452899	0	1150,100	237	62
-11.45	-10.55	-1.72083391829285	0	1150,100	238	62
-9.45	-8.55	-0.00631756282465253	0	1150,100	240	63
-8.45	-7.55	-0.498034536010108	0	1150,100	241	63
-7.45	-6.55	-0.0340446441106276	0	1150,100	242	63
-6.45	-5.55	-0.361504983855117	0	1150,100	243	63
-3.45	-2.55	-0.0133370770742665	0	1150,100	246	65
0.55	1.45	-0.043871964060087	0	1150,100	250	68
2.55	3.45	-0.294819598483785	0	1150,100	252	69
3.55	4.45	-0.282535448546961	0	1150,100	253	69
-44.45	-43.55	-1.77067246946511	0	1150,150	254	69
-43.45	-42.55	-2.37575459778183	0	1150,150	255	69
-42.45	-41.55	-3.63189667275025	0	1150,150	256	69
-41.45	-40.55	-1.92615471009406	0	1150,150	257	69
-40.45	-39.55	-0.813210725817774	0	1150,150	258	69
-39.45	-38.55	-2.05496279657448	0	1150,150	259	69
-37.45	-36.55	-0.565772848518883	0	1150,150	261	70
-36.45	-35.55	-0.518742103046469	0	1150,150	262	70
-35.45	-34.55	-0.0147409799241892	0	1150,150	263	70
-34.45	-33.55	-0.633511161027657	0	1150,150	264	70
-32.45	-31.55	-0.111259300856381	0	1150,150	266	71
-31.45	-30.55	-0.175487856240348	0	1150,150	267	71
-30.45	-29.55	-0.807244138705602	0	1150,150	268	71
-29.45	-28.55	-0.217253966025551	0	1150,150	269	71
-26.45	-25.55	-0.316229116945107	0	1150,150	272	73
-24.45	-23.55	-0.0147409799241892	0	1150,150	274	74
-22.45	-21.55	-0.744419486171557	0	1150,150	276	75
-21.45	-20.55	-1.02379615330619	0	1150,150	277	75
-20.45	-19.55	-0.948687350835322	0	1150,150	278	75
-19.45	-18.55	-1.03748420609294	0	1150,150	279	75
-18.45	-17.55	-2.03495718096308	0	1150,150	280	75
-17.45	-16.55	-0.526814544433525	0	1150,150	281	75
-16.45	-15.55	-0.509616734521971	0	1150,150	282	75
-13.45	-12.55	-0.0298329355608592	0	1150,150	285	77
-12.45	-11.55	-0.856380738452899	0	1150,150	286	77
-11.45	-10.55	-1.72083391829285	0	1150,150	287	77
-9.45	-8.55	-0.00631756282465253	0	1150,150	289	78
-8.45	-7.55	-0.498034536010108	0	1150,150	290	78
-7.45	-6.55	-0.0340446441106276	0	1150,150	291	78
-6.45	-5.55	-0.361504983855117	0	1150,150	292	78
-3.45	-2.55	-0.0133370770742665	0	1150,150	295	80
0.55	1.45	-0.043871964060087	0	1150,150	299	83
2.55	3.45	-0.294819598483785	0	1150,150	301	84
3.55	4.45	-0.282535448546961	0	1150,150	302	84
-45.45	-44.55	-1.30071599045346	0	1200,150	303	84
-43.45	-42.55	-2.08514670784782	0	1200,150	305	85
-42.45	-41.55	-0.169521269128176	0	1200,150	306	85
-38.45	-37.55	-0.111961252281342	0	1200,150	310	88
-32.45	-31.55	-0.235855678787028	0	1200,150	316	93
-31.45	-30.55	-0.50926575880949	0	1200,150	317	93
-30.45	-29.55	-0.935350273761056	0	1200,150	318	93
-26.45	-25.55	-0.0301839112733399	0	1200,150	322	96
-22.45	-21.55	-0.00350975712480696	0	1200,150	326	99
-21.45	-20.55	-1.14804155552436	0	1200,150	327	99
-20.45	-19.55	-1.25965183209322	0	1200,150	328	99
-19.45	-18.55	-3.02119893303383	0	1200,150	329	99
-18.45	-17.55	-0.214446160325705	0	1200,150	330	99
-17.45	-16.55	-0.261125930085638	0	1200,150	331	99
-16.45	-15.55	-0.433104029201179	0	1200,150	332	99
-15.45	-14.55	-0.814263652955216	0	1200,150	333	99
-14.45	-13.55	-2.21886845430296	0	1200,150	334	99
-13.45	-12.55	-0.225677383125088	0	1200,150	335	99
-12.45	-11.55	-1.61869998596097	0	1200,150	336	99
-11.45	-10.55	-0.375544012354345	0	1200,150	337	99
-10.45	-9.55	-1.02941176470588	0	1200,150	338	99
-9.45	-8.55	-0.250596658711217	0	1200,150	339	99
-8.45	-7.55	-1.77032149375263	0	1200,150	340	99
-7.45	-6.55	-1.15506106977397	0	1200,150	341	99
-6.45	-5.55	-2.07847816931068	0	1200,150	342	99
-5.45	-4.55	-2.16622209743086	0	1200,150	343	99
-3.45	-2.55	-1.73662782535449	0	1200,150	345	100
-2.45	-1.55	-0.98308297065843	0	1200,150	346	100
-1.45	-0.55	-1.45935701249474	0	1200,150	347	100
-0.45	0.45	-1.09890495577706	0	1200,150	348	100
0.55	1.45	-0.167064439140811	0	1200,150	349	100
1.55	2.45	-0.759160466095746	0	1200,150	350	100
2.55	3.45	-0.848659272778324	0	1200,150	351	100
3.55	4.45	-0.448897936262811	0	1200,150	352	100
4.55	5.45	-1.33686648883897	0	1200,150	353	100
-45.45	-44.55	-1.30071599045346	0	1200,200	354	100
-43.45	-42.55	-2.08514670784782	0	1200,200	356	101
-42.45	-41.55	-0.169521269128176	0	1200,200	357	101
-38.45	-37.55	-0.111961252281342	0	1200,200	361	104
-32.45	-31.55	-0.235855678787028	0	1200,200	367	109
-31.45	-30.55	-0.50926575880949	0	1200,200	368	109
-30.45	-29.55	-0.935350273761056	0	1200,200	369	109
-26.45	-25.55	-0.0301839112733399	0	1200,200	373	112
-22.45	-21.55	-0.00350975712480696	0	1200,200	377	115
-21.45	-20.55	-1.14804155552436	0	1200,200	378	115
-20.45	-19.55	-1.25965183209322	0	1200,200	379	115
-19.45	-18.55	-3.02119893303383	0	1200,200	380	115
-18.45	-17.55	-0.214446160325705	0	1200,200	381	115
-17.45	-16.55	-0.261125930085638	0	1200,200	382	115
-16.45	-15.55	-0.433104029201179	0	1200,200	383	115
-15.45	-14.55	-0.814263652955216	0	1200,200	384	115
-14.45	-13.55	-2.21886845430296	0	1200,200	385	115
-13.45	-12.55	-0.225677383125088	0	1200,200	386	115
-12.45	-11.55	-1.61869998596097	0	1200,200	387	115
-11.45	-10.55	-0.375544012354345	0	1200,200	388	115
-10.45	-9.55	-1.02941176470588	0	1200,200	389	115
-9.45	-8.55	-0.250596658711217	0	1200,200	390	115
-8.45	-7.55	-1.77032149375263	0	1200,200	391	115
-7.45	-6.55	-1.15506106977397	0	1200,200	392	115
-6.45	-5.55	-2.07847816931068	0	1200,200	393	115
-5.45	-4.55	-2.16622209743086	0	1200,200	394	115
-3.45	-2.55	-1.73662782535449	0	1200,200	396	116
-2.45	-1.55	-0.98308297065843	0	1200,200	397	116
-1.45	-0.55	-1.45935701249474	0	1200,200	398	116
-0.45	0.45	-1.09890495577706	0	1200,200	399	116
0.55	1.45	-0.167064439140811	0	1200,200	400	116
1.55	2.45	-0.759160466095746	0	1200,200	401	116
2.55	3.45	-0.848659272778324	0	1200,200	402	116
3.55	4.45	-0.448897936262811	0	1200,200	403	116
4.55	5.45	-1.33686648883897	0	1200,200	404	116
-44.45	-43.55	-1.13645935701249	0	1250,200	405	116
-43.45	-42.55	-0.256563245823389	0	1250,200	406	116
-41.45	-40.55	-0.156886143478871	0	1250,200	408	117
-40.45	-39.55	-1.14032008984978	0	1250,200	409	117
-39.45	-38.55	-0.485750386073284	0	1250,200	410	117
-38.45	-37.55	-0.360803032430156	0	1250,200	411	117
-37.45	-36.55	-0.261476905798119	0	1250,200	412	117
-36.45	-35.55	-0.322195704057279	0	1250,200	413	117
-35.45	-34.55	-0.83146146286677	0	1250,200	414	117
-34.45	-33.55	-0.0424680612101643	0	1250,200	415	117
-17.45	-16.55	-0.0810753895830409	0	1250,200	432	133
-12.45	-11.55	-0.090200758107539	0	1250,200	437	137
-11.45	-10.55	-0.27235715288502	0	1250,200	438	137
-10.45	-9.55	-0.277972764284712	0	1250,200	439	137
-9.45	-8.55	-0.0424680612101643	0	1250,200	440	137
-8.45	-7.55	-0.203214937526323	0	1250,200	441	137
-7.45	-6.55	-0.0856380738452899	0	1250,200	442	137
-6.45	-5.55	-0.150217604941738	0	1250,200	443	137
-4.45	-3.55	-0.0765127053207918	0	1250,200	445	138
-3.45	-2.55	-1.109083251439	0	1250,200	446	138
-2.45	-1.55	-0.122841499368244	0	1250,200	447	138
1.55	2.45	-0.628597501052927	0	1250,200	451	141
2.55	3.45	-0.427488417801488	0	1250,200	452	141
3.55	4.45	-0.142847114979643	0	1250,200	453	141
-44.45	-43.55	-1.13645935701249	0	1250,250	454	141
-43.45	-42.55	-0.256563245823389	0	1250,250	455	141
-41.45	-40.55	-0.156886143478871	0	1250,250	457	142
-40.45	-39.55	-1.14032008984978	0	1250,250	458	142
-39.45	-38.55	-0.485750386073284	0	1250,250	459	142
-38.45	-37.55	-0.360803032430156	0	1250,250	460	142
-37.45	-36.55	-0.261476905798119	0	1250,250	461	142
-36.45	-35.55	-0.322195704057279	0	1250,250	462	142
-35.45	-34.55	-0.83146146286677	0	1250,250	463	142
-34.45	-33.55	-0.0424680612101643	0	1250,250	464	142
-17.45	-16.55	-0.0810753895830409	0	1250,250	481	158
-12.45	-11.55	-0.090200758107539	0	1250,250	486	162
-11.45	-10.55	-0.27235715288502	0	1250,250	487	162
-10.45	-9.55	-0.277972764284712	0	1250,250	488	162
-9.45	-8.55	-0.0424680612101643	0	1250,250	489	162
-8.45	-7.55	-0.203214937526323	0	1250,250	490	162
-7.45	-6.55	-0.0856380738452899	0	1250,250	491	162
-6.45	-5.55	-0.150217604941738	0	1250,250	492	162
-4.45	-3.55	-0.0765127053207918	0	1250,250	494	163
-3.45	-2.55	-1.109083251439	0	1250,250	495	163
-2.45	-1.55	-0.122841499368244	0	1250,250	496	163
1.55	2.45	-0.628597501052927	0	1250,250	500	166
2.55	3.45	-0.427488417801488	0	1250,250	501	166
3.55	4.45	-0.142847114979643	0	1250,250	502	166
-42.45	-41.55	-0.0301839112733399	0	1300,250	506	169
-35.45	-34.55	-0.250245682998736	0	1300,250	513	175
-33.45	-32.55	-0.449248911975291	0	1300,250	515	176
-30.45	-29.55	-0.0424680612101643	0	1300,250	518	178
-28.45	-27.55	-0.779166081707146	0	1300,250	520	179
-27.45	-26.55	-0.256212270110908	0	1300,250	521	179
-26.45	-25.55	-0.671416537975572	0	1300,250	522	179
-25.45	-24.55	-0.0263231784360522	0	1300,250	523	179
-24.45	-23.55	-0.582970658430437	0	1300,250	524	179
-23.45	-22.55	-1.23262670223221	0	1300,250	525	179
-21.45	-20.55	-0.355889372455426	0	1300,250	527	180
-20.45	-19.55	-1.66573073143338	0	1300,250	528	180
-19.45	-18.55	-0.0186017127614769	0	1300,250	529	180
-18.45	-17.55	-0.0593148954092377	0	1300,250	530	180
-17.45	-16.55	-1.68573634704478	0	1300,250	531	180
-16.45	-15.55	-0.874982451214376	0	1300,250	532	180
-15.45	-14.55	-1.37687772006177	0	1300,250	533	180
-14.45	-13.55	-0.961673452197108	0	1300,250	534	180
-11.45	-10.55	-0.0505405025972203	0	1300,250	537	182
-10.45	-9.55	-0.260423978660677	0	1300,250	538	182
-9.45	-8.55	-1.75944124666573	0	1300,250	539	182
-8.45	-7.55	-1.76575880949038	0	1300,250	540	182
-7.45	-6.55	-1.31686087322757	0	1300,250	541	182
-6.45	-5.55	-1.99740277972764	0	1300,250	542	182
-5.45	-4.55	-2.15183209321915	0	1300,250	543	182
-4.45	-3.55	-0.900954653937947	0	1300,250	544	182
-3.45	-2.55	-0.934297346623614	0	1300,250	545	182
-2.45	-1.55	-0.164607609153447	0	1300,250	546	182
-1.45	-0.55	-0.595605784079742	0	1300,250	547	182
-0.45	0.45	-0.856380738452899	0	1300,250	548	182
0.55	1.45	-1.00414151340727	0	1300,250	549	182
1.55	2.45	-0.261125930085638	0	1300,250	550	182
3.55	4.45	-0.239716411624316	0	1300,250	552	183
-42.45	-41.55	-0.0301839112733399	0	1300,300	557	187
-35.45	-34.55	-0.250245682998736	0	1300,300	564	193
-33.45	-32.55	-0.449248911975291	0	1300,300	566	194
-30.45	-29.55	-0.0424680612101643	0	1300,300	569	196
-28.45	-27.55	-0.779166081707146	0	1300,300	571	197
-27.45	-26.55	-0.256212270110908	0	1300,300	572	197
-26.45	-25.55	-0.671416537975572	0	1300,300	573	197
-25.45	-24.55	-0.0263231784360522	0	1300,300	574	197
-24.45	-23.55	-0.582970658430437	0	1300,300	575	197
-23.45	-22.55	-1.23262670223221	0	1300,300	576	197
-21.45	-20.55	-0.355889372455426	0	1300,300	578	198
-20.45	-19.55	-1.66573073143338	0	1300,300	579	198
-19.45	-18.55	-0.0186017127614769	0	1300,300	580	198
-18.45	-17.55	-0.0593148954092377	0	1300,300	581	198
-17.45	-16.55	-1.68573634704478	0	1300,300	582	198
-16.45	-15.55	-0.874982451214376	0	1300,300	583	198
-15.45	-14.55	-1.37687772006177	0	1300,300	584	198
-14.45	-13.55	-0.961673452197108	0	1300,300	585	198
-11.45	-10.55	-0.0505405025972203	0	1300,300	588	200
-10.45	-9.55	-0.260423978660677	0	1300,300	589	200
-9.45	-8.55	-1.75944124666573	0	1300,300	590	200
-8.45	-7.55	-1.76575880949038	0	1300,300	591	200
-7.45	-6.55	-1.31686087322757	0	1300,300	592	200
-6.45	-5.55	-1.99740277972764	0	1300,300	593	200
-5.45	-4.55	-2.15183209321915	0	1300,300	594	200
-4.45	-3.55	-0.900954653937947	0	1300,300	595	200
-3.45	-2.55	-0.934297346623614	0	1300,300	596	200
-2.45	-1.55	-0.164607609153447	0	1300,300	597	200
-1.45	-0.55	-0.595605784079742	0	1300,300	598	200
-0.45	0.45	-0.856380738452899	0	1300,300	599	200
0.55	1.45	-1.00414151340727	0	1300,300	600	200
1.55	2.45	-0.261125930085638	0	1300,300	601	200
3.55	4.45	-0.239716411624316	0	1300,300	603	201
-42.45	-41.55	-0.132317843605223	0	1350,300	607	204
-32.45	-31.55	-1.62256071879826	0	1350,300	617	213
-31.45	-30.55	-0.153025410641584	0	1350,300	618	213
-30.45	-29.55	-2.94959988768777	0	1350,300	619	213
-29.45	-28.55	-0.379053769479152	0	1350,300	620	213
-28.45	-27.55	-0.280780569984557	0	1350,300	621	213
-27.45	-26.55	-1.15295521549909	0	1350,300	622	213
-26.45	-25.55	-0.197950301839113	0	1350,300	623	213
-25.45	-24.55	-0.245332023024007	0	1350,300	624	213
-21.45	-20.55	-0.348167906780851	0	1350,300	628	216
-20.45	-19.55	-0.355187421030465	0	1350,300	629	216
-19.45	-18.55	-0.388530113716131	0	1350,300	630	216
-18.45	-17.55	-0.373789133791942	0	1350,300	631	216
-16.45	-15.55	-1.20384669380879	0	1350,300	633	217
-15.45	-14.55	-1.57377509476344	0	1350,300	634	217
-14.45	-13.55	-0.090200758107539	0	1350,300	635	217
-13.45	-12.55	-0.187421030464692	0	1350,300	636	217
-12.45	-11.55	-0.108802470869016	0	1350,300	637	217
-11.45	-10.55	-0.34290327109364	0	1350,300	638	217
-10.45	-9.55	-2.44419486171557	0	1350,300	639	217
-9.45	-8.55	-1.93703495718096	0	1350,300	640	217
-5.45	-4.55	-0.0480836726098554	0	1350,300	644	220
-4.45	-3.55	-0.187070054752211	0	1350,300	645	220
-3.45	-2.55	-0.0677383125087744	0	1350,300	646	220
-1.45	-0.55	-0.5545416257195	0	1350,300	648	221
0.55	1.45	-0.0930085638073845	0	1350,300	650	222
1.55	2.45	-0.150568580654219	0	1350,300	651	222
2.55	3.45	-0.100028078056998	0	1350,300	652	222
-45.45	-44.55	-0.0593148954092377	0	1100,0	654	223
-44.45	-43.55	-0.150217604941738	0	1100,0	655	223
-43.45	-42.55	-2.16095746174365	0	1100,0	656	223
-41.45	-40.55	-1.08977958725256	0	1100,0	658	224
-39.45	-38.55	-0.0424680612101643	0	1100,0	660	225
-38.45	-37.55	-0.678085076512705	0	1100,0	661	225
-32.45	-31.55	-0.0614207496841219	0	1100,0	667	230
-26.45	-25.55	-1.68012073564509	0	1100,0	673	235
-25.45	-24.55	-0.652463849501615	0	1100,0	674	235
-24.45	-23.55	-0.92236417239927	0	1100,0	675	235
-23.45	-22.55	-1.69240488558192	0	1100,0	676	235
-22.45	-21.55	-1.45374140109504	0	1100,0	677	235
-21.45	-20.55	-0.520146005896392	0	1100,0	678	235
-20.45	-19.55	-3.41288782816229	0	1100,0	679	235
-19.45	-18.55	-1.54324020777762	0	1100,0	680	235
-18.45	-17.55	-0.349571809630774	0	1100,0	681	235
-17.45	-16.55	-0.966938087884318	0	1100,0	682	235
-16.45	-15.55	-1.55236557630212	0	1100,0	683	235
-15.45	-14.55	-2.10760915344658	0	1100,0	684	235
-14.45	-13.55	-0.88200196546399	0	1100,0	685	235
-13.45	-12.55	-1.75101782956619	0	1100,0	686	235
-12.45	-11.55	-0.32254667976976	0	1100,0	687	235
-10.45	-9.55	-2.15709672890636	0	1100,0	689	236
-9.45	-8.55	-1.28386915625439	0	1100,0	690	236
-8.45	-7.55	-2.66074687631616	0	1100,0	691	236
-7.45	-6.55	-0.897444896813141	0	1100,0	692	236
-6.45	-5.55	-0.0178997613365155	0	1100,0	693	236
-5.45	-4.55	-2.44279095886565	0	1100,0	694	236
-4.45	-3.55	-0.593499929804858	0	1100,0	695	236
-3.45	-2.55	-0.209883476063456	0	1100,0	696	236
-2.45	-1.55	-0.915344658149656	0	1100,0	697	236
-1.45	-0.55	-1.27474378772989	0	1100,0	698	236
0.55	1.45	-2.03320230240067	0	1100,0	700	237
1.55	2.45	-0.132317843605223	0	1100,0	701	237
2.55	3.45	-0.708268987786045	0	1100,0	702	237
3.55	4.45	-1.93106837006879	0	1100,0	703	237
4.55	5.45	-0.652112873789134	0	1100,0	704	237
-45.45	-44.55	-1.30071599045346	0	1200,100	705	237
-43.45	-42.55	-2.08514670784782	0	1200,100	707	238
-42.45	-41.55	-0.169521269128176	0	1200,100	708	238
-38.45	-37.55	-0.111961252281342	0	1200,100	712	241
-32.45	-31.55	-0.235855678787028	0	1200,100	718	246
-31.45	-30.55	-0.50926575880949	0	1200,100	719	246
-30.45	-29.55	-0.935350273761056	0	1200,100	720	246
-26.45	-25.55	-0.0301839112733399	0	1200,100	724	249
-22.45	-21.55	-0.00350975712480696	0	1200,100	728	252
-21.45	-20.55	-1.14804155552436	0	1200,100	729	252
-20.45	-19.55	-1.25965183209322	0	1200,100	730	252
-19.45	-18.55	-3.02119893303383	0	1200,100	731	252
-18.45	-17.55	-0.214446160325705	0	1200,100	732	252
-17.45	-16.55	-0.261125930085638	0	1200,100	733	252
-16.45	-15.55	-0.433104029201179	0	1200,100	734	252
-15.45	-14.55	-0.814263652955216	0	1200,100	735	252
-14.45	-13.55	-2.21886845430296	0	1200,100	736	252
-13.45	-12.55	-0.225677383125088	0	1200,100	737	252
-12.45	-11.55	-1.61869998596097	0	1200,100	738	252
-11.45	-10.55	-0.375544012354345	0	1200,100	739	252
-10.45	-9.55	-1.02941176470588	0	1200,100	740	252
-9.45	-8.55	-0.250596658711217	0	1200,100	741	252
-8.45	-7.55	-1.77032149375263	0	1200,100	742	252
-7.45	-6.55	-1.15506106977397	0	1200,100	743	252
-6.45	-5.55	-2.07847816931068	0	1200,100	744	252
-5.45	-4.55	-2.16622209743086	0	1200,100	745	252
-3.45	-2.55	-1.73662782535449	0	1200,100	747	253
-2.45	-1.55	-0.98308297065843	0	1200,100	748	253
-1.45	-0.55	-1.45935701249474	0	1200,100	749	253
-0.45	0.45	-1.09890495577706	0	1200,100	750	253
0.55	1.45	-0.167064439140811	0	1200,100	751	253
1.55	2.45	-0.759160466095746	0	1200,100	752	253
2.55	3.45	-0.848659272778324	0	1200,100	753	253
3.55	4.45	-0.448897936262811	0	1200,100	754	253
4.55	5.45	-1.33686648883897	0	1200,100	755	253
-42.45	-41.55	-0.0301839112733399	0	1300,200	759	256
-35.45	-34.55	-0.250245682998736	0	1300,200	766	262
-33.45	-32.55	-0.449248911975291	0	1300,200	768	263
-30.45	-29.55	-0.0424680612101643	0	1300,200	771	265
-28.45	-27.55	-0.779166081707146	0	1300,200	773	266
-27.45	-26.55	-0.256212270110908	0	1300,200	774	266
-26.45	-25.55	-0.671416537975572	0	1300,200	775	266
-25.45	-24.55	-0.0263231784360522	0	1300,200	776	266
-24.45	-23.55	-0.582970658430437	0	1300,200	777	266
-23.45	-22.55	-1.23262670223221	0	1300,200	778	266
-21.45	-20.55	-0.355889372455426	0	1300,200	780	267
-20.45	-19.55	-1.66573073143338	0	1300,200	781	267
-19.45	-18.55	-0.0186017127614769	0	1300,200	782	267
-18.45	-17.55	-0.0593148954092377	0	1300,200	783	267
-17.45	-16.55	-1.68573634704478	0	1300,200	784	267
-16.45	-15.55	-0.874982451214376	0	1300,200	785	267
-15.45	-14.55	-1.37687772006177	0	1300,200	786	267
-14.45	-13.55	-0.961673452197108	0	1300,200	787	267
-11.45	-10.55	-0.0505405025972203	0	1300,200	790	269
-10.45	-9.55	-0.260423978660677	0	1300,200	791	269
-9.45	-8.55	-1.75944124666573	0	1300,200	792	269
-8.45	-7.55	-1.76575880949038	0	1300,200	793	269
-7.45	-6.55	-1.31686087322757	0	1300,200	794	269
-6.45	-5.55	-1.99740277972764	0	1300,200	795	269
-5.45	-4.55	-2.15183209321915	0	1300,200	796	269
-4.45	-3.55	-0.900954653937947	0	1300,200	797	269
-3.45	-2.55	-0.934297346623614	0	1300,200	798	269
-2.45	-1.55	-0.164607609153447	0	1300,200	799	269
-1.45	-0.55	-0.595605784079742	0	1300,200	800	269
-0.45	0.45	-0.856380738452899	0	1300,200	801	269
0.55	1.45	-1.00414151340727	0	1300,200	802	269
1.55	2.45	-0.261125930085638	0	1300,200	803	269
3.55	4.45	-0.239716411624316	0	1300,200	805	270
-44.45	-43.55	-1.77067246946511	0	1150,50	807	271
-43.45	-42.55	-2.37575459778183	0	1150,50	808	271
-42.45	-41.55	-3.63189667275025	0	1150,50	809	271
-41.45	-40.55	-1.92615471009406	0	1150,50	810	271
-40.45	-39.55	-0.813210725817774	0	1150,50	811	271
-39.45	-38.55	-2.05496279657448	0	1150,50	812	271
-37.45	-36.55	-0.565772848518883	0	1150,50	814	272
-36.45	-35.55	-0.518742103046469	0	1150,50	815	272
-35.45	-34.55	-0.0147409799241892	0	1150,50	816	272
-34.45	-33.55	-0.633511161027657	0	1150,50	817	272
-32.45	-31.55	-0.111259300856381	0	1150,50	819	273
-31.45	-30.55	-0.175487856240348	0	1150,50	820	273
-30.45	-29.55	-0.807244138705602	0	1150,50	821	273
-29.45	-28.55	-0.217253966025551	0	1150,50	822	273
-26.45	-25.55	-0.316229116945107	0	1150,50	825	275
-24.45	-23.55	-0.0147409799241892	0	1150,50	827	276
-22.45	-21.55	-0.744419486171557	0	1150,50	829	277
-21.45	-20.55	-1.02379615330619	0	1150,50	830	277
-20.45	-19.55	-0.948687350835322	0	1150,50	831	277
-19.45	-18.55	-1.03748420609294	0	1150,50	832	277
-18.45	-17.55	-2.03495718096308	0	1150,50	833	277
-17.45	-16.55	-0.526814544433525	0	1150,50	834	277
-16.45	-15.55	-0.509616734521971	0	1150,50	835	277
-13.45	-12.55	-0.0298329355608592	0	1150,50	838	279
-12.45	-11.55	-0.856380738452899	0	1150,50	839	279
-11.45	-10.55	-1.72083391829285	0	1150,50	840	279
-9.45	-8.55	-0.00631756282465253	0	1150,50	842	280
-8.45	-7.55	-0.498034536010108	0	1150,50	843	280
-7.45	-6.55	-0.0340446441106276	0	1150,50	844	280
-6.45	-5.55	-0.361504983855117	0	1150,50	845	280
-3.45	-2.55	-0.0133370770742665	0	1150,50	848	282
0.55	1.45	-0.043871964060087	0	1150,50	852	285
2.55	3.45	-0.294819598483785	0	1150,50	854	286
3.55	4.45	-0.282535448546961	0	1150,50	855	286
-44.45	-43.55	-1.13645935701249	0	1250,150	856	286
-43.45	-42.55	-0.256563245823389	0	1250,150	857	286
-41.45	-40.55	-0.156886143478871	0	1250,150	859	287
-40.45	-39.55	-1.14032008984978	0	1250,150	860	287
-39.45	-38.55	-0.485750386073284	0	1250,150	861	287
-38.45	-37.55	-0.360803032430156	0	1250,150	862	287
-37.45	-36.55	-0.261476905798119	0	1250,150	863	287
-36.45	-35.55	-0.322195704057279	0	1250,150	864	287
-35.45	-34.55	-0.83146146286677	0	1250,150	865	287
-34.45	-33.55	-0.0424680612101643	0	1250,150	866	287
-17.45	-16.55	-0.0810753895830409	0	1250,150	883	303
-12.45	-11.55	-0.090200758107539	0	1250,150	888	307
-11.45	-10.55	-0.27235715288502	0	1250,150	889	307
-10.45	-9.55	-0.277972764284712	0	1250,150	890	307
-9.45	-8.55	-0.0424680612101643	0	1250,150	891	307
-8.45	-7.55	-0.203214937526323	0	1250,150	892	307
-7.45	-6.55	-0.0856380738452899	0	1250,150	893	307
-6.45	-5.55	-0.150217604941738	0	1250,150	894	307
-4.45	-3.55	-0.0765127053207918	0	1250,150	896	308
-3.45	-2.55	-1.109083251439	0	1250,150	897	308
-2.45	-1.55	-0.122841499368244	0	1250,150	898	308
1.55	2.45	-0.628597501052927	0	1250,150	902	311
2.55	3.45	-0.427488417801488	0	1250,150	903	311
3.55	4.45	-0.142847114979643	0	1250,150	904	311
-42.45	-41.55	-0.132317843605223	0	1350,250	907	313
-32.45	-31.55	-1.62256071879826	0	1350,250	917	322
-31.45	-30.55	-0.153025410641584	0	1350,250	918	322
-30.45	-29.55	-2.94959988768777	0	1350,250	919	322
-29.45	-28.55	-0.379053769479152	0	1350,250	920	322
-28.45	-27.55	-0.280780569984557	0	1350,250	921	322
-27.45	-26.55	-1.15295521549909	0	1350,250	922	322
-26.45	-25.55	-0.197950301839113	0	1350,250	923	322
-25.45	-24.55	-0.245332023024007	0	1350,250	924	322
-21.45	-20.55	-0.348167906780851	0	1350,250	928	325
-20.45	-19.55	-0.355187421030465	0	1350,250	929	325
-19.45	-18.55	-0.388530113716131	0	1350,250	930	325
-18.45	-17.55	-0.373789133791942	0	1350,250	931	325
-16.45	-15.55	-1.20384669380879	0	1350,250	933	326
-15.45	-14.55	-1.57377509476344	0	1350,250	934	326
-14.45	-13.55	-0.090200758107539	0	1350,250	935	326
-13.45	-12.55	-0.187421030464692	0	1350,250	936	326
-12.45	-11.55	-0.108802470869016	0	1350,250	937	326
-11.45	-10.55	-0.34290327109364	0	1350,250	938	326
-10.45	-9.55	-2.44419486171557	0	1350,250	939	326
-9.45	-8.55	-1.93703495718096	0	1350,250	940	326
-5.45	-4.55	-0.0480836726098554	0	1350,250	944	329
-4.45	-3.55	-0.187070054752211	0	1350,250	945	329
-3.45	-2.55	-0.0677383125087744	0	1350,250	946	329
-1.45	-0.55	-0.5545416257195	0	1350,250	948	330
0.55	1.45	-0.0930085638073845	0	1350,250	950	331
1.55	2.45	-0.150568580654219	0	1350,250	951	331
2.55	3.45	-0.100028078056998	0	1350,250	952	331
-44.45	-43.55	-1.77067246946511	0	1150,0	954	332
-43.45	-42.55	-2.37575459778183	0	1150,0	955	332
-42.45	-41.55	-3.63189667275025	0	1150,0	956	332
-41.45	-40.55	-1.92615471009406	0	1150,0	957	332
-40.45	-39.55	-0.813210725817774	0	1150,0	958	332
-39.45	-38.55	-2.05496279657448	0	1150,0	959	332
-37.45	-36.55	-0.565772848518883	0	1150,0	961	333
-36.45	-35.55	-0.518742103046469	0	1150,0	962	333
-35.45	-34.55	-0.0147409799241892	0	1150,0	963	333
-34.45	-33.55	-0.633511161027657	0	1150,0	964	333
-32.45	-31.55	-0.111259300856381	0	1150,0	966	334
-31.45	-30.55	-0.175487856240348	0	1150,0	967	334
-30.45	-29.55	-0.807244138705602	0	1150,0	968	334
-29.45	-28.55	-0.217253966025551	0	1150,0	969	334
-26.45	-25.55	-0.316229116945107	0	1150,0	972	336
-24.45	-23.55	-0.0147409799241892	0	1150,0	974	337
-22.45	-21.55	-0.744419486171557	0	1150,0	976	338
-21.45	-20.55	-1.02379615330619	0	1150,0	977	338
-20.45	-19.55	-0.948687350835322	0	1150,0	978	338
-19.45	-18.55	-1.03748420609294	0	1150,0	979	338
-18.45	-17.55	-2.03495718096308	0	1150,0	980	338
-17.45	-16.55	-0.526814544433525	0	1150,0	981	338
-16.45	-15.55	-0.509616734521971	0	1150,0	982	338
-13.45	-12.55	-0.0298329355608592	0	1150,0	985	340
-12.45	-11.55	-0.856380738452899	0	1150,0	986	340
-11.45	-10.55	-1.72083391829285	0	1150,0	987	340
-9.45	-8.55	-0.00631756282465253	0	1150,0	989	341
-8.45	-7.55	-0.498034536010108	0	1150,0	990	341
-7.45	-6.55	-0.0340446441106276	0	1150,0	991	341
-6.45	-5.55	-0.361504983855117	0	1150,0	992	341
-3.45	-2.55	-0.0133370770742665	0	1150,0	995	343
0.55	1.45	-0.043871964060087	0	1150,0	999	346
2.55	3.45	-0.294819598483785	0	1150,0	1001	347
3.55	4.45	-0.282535448546961	0	1150,0	1002	347
-45.45	-44.55	-1.30071599045346	0	1200,50	1003	347
-43.45	-42.55	-2.08514670784782	0	1200,50	1005	348
-42.45	-41.55	-0.169521269128176	0	1200,50	1006	348
-38.45	-37.55	-0.111961252281342	0	1200,50	1010	351
-32.45	-31.55	-0.235855678787028	0	1200,50	1016	356
-31.45	-30.55	-0.50926575880949	0	1200,50	1017	356
-30.45	-29.55	-0.935350273761056	0	1200,50	1018	356
-26.45	-25.55	-0.0301839112733399	0	1200,50	1022	359
-22.45	-21.55	-0.00350975712480696	0	1200,50	1026	362
-21.45	-20.55	-1.14804155552436	0	1200,50	1027	362
-20.45	-19.55	-1.25965183209322	0	1200,50	1028	362
-19.45	-18.55	-3.02119893303383	0	1200,50	1029	362
-18.45	-17.55	-0.214446160325705	0	1200,50	1030	362
-17.45	-16.55	-0.261125930085638	0	1200,50	1031	362
-16.45	-15.55	-0.433104029201179	0	1200,50	1032	362
-15.45	-14.55	-0.814263652955216	0	1200,50	1033	362
-14.45	-13.55	-2.21886845430296	0	1200,50	1034	362
-13.45	-12.55	-0.225677383125088	0	1200,50	1035	362
-12.45	-11.55	-1.61869998596097	0	1200,50	1036	362
-11.45	-10.55	-0.375544012354345	0	1200,50	1037	362
-10.45	-9.55	-1.02941176470588	0	1200,50	1038	362
-9.45	-8.55	-0.250596658711217	0	1200,50	1039	362
-8.45	-7.55	-1.77032149375263	0	1200,50	1040	362
-7.45	-6.55	-1.15506106977397	0	1200,50	1041	362
-6.45	-5.55	-2.07847816931068	0	1200,50	1042	362
-5.45	-4.55	-2.16622209743086	0	1200,50	1043	362
-3.45	-2.55	-1.73662782535449	0	1200,50	1045	363
-2.45	-1.55	-0.98308297065843	0	1200,50	1046	363
-1.45	-0.55	-1.45935701249474	0	1200,50	1047	363
-0.45	0.45	-1.09890495577706	0	1200,50	1048	363
0.55	1.45	-0.167064439140811	0	1200,50	1049	363
1.55	2.45	-0.759160466095746	0	1200,50	1050	363
2.55	3.45	-0.848659272778324	0	1200,50	1051	363
3.55	4.45	-0.448897936262811	0	1200,50	1052	363
4.55	5.45	-1.33686648883897	0	1200,50	1053	363
-44.45	-43.55	-1.13645935701249	0	1250,100	1054	363
-43.45	-42.55	-0.256563245823389	0	1250,100	1055	363
-41.45	-40.55	-0.156886143478871	0	1250,100	1057	364
-40.45	-39.55	-1.14032008984978	0	1250,100	1058	364
-39.45	-38.55	-0.485750386073284	0	1250,100	1059	364
-38.45	-37.55	-0.360803032430156	0	1250,100	1060	364
-37.45	-36.55	-0.261476905798119	0	1250,100	1061	364
-36.45	-35.55	-0.322195704057279	0	1250,100	1062	364
-35.45	-34.55	-0.83146146286677	0	1250,100	1063	364
-34.45	-33.55	-0.0424680612101643	0	1250,100	1064	364
-17.45	-16.55	-0.0810753895830409	0	1250,100	1081	380
-12.45	-11.55	-0.090200758107539	0	1250,100	1086	384
-11.45	-10.55	-0.27235715288502	0	1250,100	1087	384
-10.45	-9.55	-0.277972764284712	0	1250,100	1088	384
-9.45	-8.55	-0.0424680612101643	0	1250,100	1089	384
-8.45	-7.55	-0.203214937526323	0	1250,100	1090	384
-7.45	-6.55	-0.0856380738452899	0	1250,100	1091	384
-6.45	-5.55	-0.150217604941738	0	1250,100	1092	384
-4.45	-3.55	-0.0765127053207918	0	1250,100	1094	385
-3.45	-2.55	-1.109083251439	0	1250,100	1095	385
-2.45	-1.55	-0.122841499368244	0	1250,100	1096	385
1.55	2.45	-0.628597501052927	0	1250,100	1100	388
2.55	3.45	-0.427488417801488	0	1250,100	1101	388
3.55	4.45	-0.142847114979643	0	1250,100	1102	388
-42.45	-41.55	-0.0301839112733399	0	1300,150	1106	391
-35.45	-34.55	-0.250245682998736	0	1300,150	1113	397
-33.45	-32.55	-0.449248911975291	0	1300,150	1115	398
-30.45	-29.55	-0.0424680612101643	0	1300,150	1118	400
-28.45	-27.55	-0.779166081707146	0	1300,150	1120	401
-27.45	-26.55	-0.256212270110908	0	1300,150	1121	401
-26.45	-25.55	-0.671416537975572	0	1300,150	1122	401
-25.45	-24.55	-0.0263231784360522	0	1300,150	1123	401
-24.45	-23.55	-0.582970658430437	0	1300,150	1124	401
-23.45	-22.55	-1.23262670223221	0	1300,150	1125	401
-21.45	-20.55	-0.355889372455426	0	1300,150	1127	402
-20.45	-19.55	-1.66573073143338	0	1300,150	1128	402
-19.45	-18.55	-0.0186017127614769	0	1300,150	1129	402
-18.45	-17.55	-0.0593148954092377	0	1300,150	1130	402
-17.45	-16.55	-1.68573634704478	0	1300,150	1131	402
-16.45	-15.55	-0.874982451214376	0	1300,150	1132	402
-15.45	-14.55	-1.37687772006177	0	1300,150	1133	402
-14.45	-13.55	-0.961673452197108	0	1300,150	1134	402
-11.45	-10.55	-0.0505405025972203	0	1300,150	1137	404
-10.45	-9.55	-0.260423978660677	0	1300,150	1138	404
-9.45	-8.55	-1.75944124666573	0	1300,150	1139	404
-8.45	-7.55	-1.76575880949038	0	1300,150	1140	404
-7.45	-6.55	-1.31686087322757	0	1300,150	1141	404
-6.45	-5.55	-1.99740277972764	0	1300,150	1142	404
-5.45	-4.55	-2.15183209321915	0	1300,150	1143	404
-4.45	-3.55	-0.900954653937947	0	1300,150	1144	404
-3.45	-2.55	-0.934297346623614	0	1300,150	1145	404
-2.45	-1.55	-0.164607609153447	0	1300,150	1146	404
-1.45	-0.55	-0.595605784079742	0	1300,150	1147	404
-0.45	0.45	-0.856380738452899	0	1300,150	1148	404
0.55	1.45	-1.00414151340727	0	1300,150	1149	404
1.55	2.45	-0.261125930085638	0	1300,150	1150	404
3.55	4.45	-0.239716411624316	0	1300,150	1152	405
-42.45	-41.55	-0.132317843605223	0	1350,200	1156	408
-32.45	-31.55	-1.62256071879826	0	1350,200	1166	417
-31.45	-30.55	-0.153025410641584	0	1350,200	1167	417
-30.45	-29.55	-2.94959988768777	0	1350,200	1168	417
-29.45	-28.55	-0.379053769479152	0	1350,200	1169	417
-28.45	-27.55	-0.280780569984557	0	1350,200	1170	417
-27.45	-26.55	-1.15295521549909	0	1350,200	1171	417
-26.45	-25.55	-0.197950301839113	0	1350,200	1172	417
-25.45	-24.55	-0.245332023024007	0	1350,200	1173	417
-21.45	-20.55	-0.348167906780851	0	1350,200	1177	420
-20.45	-19.55	-0.355187421030465	0	1350,200	1178	420
-19.45	-18.55	-0.388530113716131	0	1350,200	1179	420
-18.45	-17.55	-0.373789133791942	0	1350,200	1180	420
-16.45	-15.55	-1.20384669380879	0	1350,200	1182	421
-15.45	-14.55	-1.57377509476344	0	1350,200	1183	421
-14.45	-13.55	-0.090200758107539	0	1350,200	1184	421
-13.45	-12.55	-0.187421030464692	0	1350,200	1185	421
-12.45	-11.55	-0.108802470869016	0	1350,200	1186	421
-11.45	-10.55	-0.34290327109364	0	1350,200	1187	421
-10.45	-9.55	-2.44419486171557	0	1350,200	1188	421
-9.45	-8.55	-1.93703495718096	0	1350,200	1189	421
-5.45	-4.55	-0.0480836726098554	0	1350,200	1193	424
-4.45	-3.55	-0.187070054752211	0	1350,200	1194	424
-3.45	-2.55	-0.0677383125087744	0	1350,200	1195	424
-1.45	-0.55	-0.5545416257195	0	1350,200	1197	425
0.55	1.45	-0.0930085638073845	0	1350,200	1199	426
1.55	2.45	-0.150568580654219	0	1350,200	1200	426
2.55	3.45	-0.100028078056998	0	1350,200	1201	426
-45.45	-44.55	-0.0954653937947494	0	1400,250	1203	427
-44.45	-43.55	-0.153376386354064	0	1400,250	1204	427
-43.45	-42.55	-0.137231503579952	0	1400,250	1205	427
-42.45	-41.55	-0.0186017127614769	0	1400,250	1206	427
-40.45	-39.55	-1.99705180401516	0	1400,250	1208	428
-39.45	-38.55	-2.14762038466938	0	1400,250	1209	428
-38.45	-37.55	-1.98862838691563	0	1400,250	1210	428
-37.45	-36.55	-2.7709532500351	0	1400,250	1211	428
-36.45	-35.55	-2.5526463568721	0	1400,250	1212	428
-35.45	-34.55	-1.59588656464973	0	1400,250	1213	428
-34.45	-33.55	-2.88747718657869	0	1400,250	1214	428
-33.45	-32.55	-1.20103888810894	0	1400,250	1215	428
-32.45	-31.55	-1.00800224624456	0	1400,250	1216	428
-31.45	-30.55	-3.9709392110066	0	1400,250	1217	428
-30.45	-29.55	-1.64923487294679	0	1400,250	1218	428
-29.45	-28.55	-1.42601431980907	0	1400,250	1219	428
-28.45	-27.55	-4.11554120454865	0	1400,250	1220	428
-27.45	-26.55	-2.15569282605644	0	1400,250	1221	428
-26.45	-25.55	-3.52625298329356	0	1400,250	1222	428
-25.45	-24.55	-1.8854415274463	0	1400,250	1223	428
-24.45	-23.55	-6.14137301698723	0	1400,250	1224	428
-23.45	-22.55	-0.329917169731855	0	1400,250	1225	428
-22.45	-21.55	-0.834269268566615	0	1400,250	1226	428
-21.45	-20.55	-0.359048153867752	0	1400,250	1227	428
-20.45	-19.55	-0.0856380738452899	0	1400,250	1228	428
-19.45	-18.55	-0.328864242594412	0	1400,250	1229	428
-18.45	-17.55	-6.35757405587533	0	1400,250	1230	428
-17.45	-16.55	-8.33251439000421	0	1400,250	1231	428
-16.45	-15.55	-4.93261266320371	0	1400,250	1232	428
-15.45	-14.55	-6.31229818896532	0	1400,250	1233	428
-14.45	-13.55	-8.23389021479714	0	1400,250	1234	428
-13.45	-12.55	-6.20279376667135	0	1400,250	1235	428
-12.45	-11.55	-6.24420890074407	0	1400,250	1236	428
-11.45	-10.55	-8.09385090551734	0	1400,250	1237	428
-10.45	-9.55	-7.92327670925172	0	1400,250	1238	428
-9.45	-8.55	-10	0	1400,250	1239	428
-8.45	-7.55	-4.14116243155974	0	1400,250	1240	428
-6.45	-5.55	-0.116874912256072	0	1400,250	1242	429
-5.45	-4.55	-0.379053769479152	0	1400,250	1243	429
-3.45	-2.55	-0.314825214095185	0	1400,250	1245	430
-2.45	-1.55	-2.79341569563386	0	1400,250	1246	430
-1.45	-0.55	-0.317282044082549	0	1400,250	1247	430
-0.45	0.45	-2.22834479853994	0	1400,250	1248	430
0.55	1.45	-1.17787449108522	0	1400,250	1249	430
1.55	2.45	-1.55517338200197	0	1400,250	1250	430
2.55	3.45	-0.931489540923768	0	1400,250	1251	430
-45.45	-44.55	-1.30071599045346	0	1200,0	1254	432
-43.45	-42.55	-2.08514670784782	0	1200,0	1256	433
-42.45	-41.55	-0.169521269128176	0	1200,0	1257	433
-38.45	-37.55	-0.111961252281342	0	1200,0	1261	436
-32.45	-31.55	-0.235855678787028	0	1200,0	1267	441
-31.45	-30.55	-0.50926575880949	0	1200,0	1268	441
-30.45	-29.55	-0.935350273761056	0	1200,0	1269	441
-26.45	-25.55	-0.0301839112733399	0	1200,0	1273	444
-22.45	-21.55	-0.00350975712480696	0	1200,0	1277	447
-21.45	-20.55	-1.14804155552436	0	1200,0	1278	447
-20.45	-19.55	-1.25965183209322	0	1200,0	1279	447
-19.45	-18.55	-3.02119893303383	0	1200,0	1280	447
-18.45	-17.55	-0.214446160325705	0	1200,0	1281	447
-17.45	-16.55	-0.261125930085638	0	1200,0	1282	447
-16.45	-15.55	-0.433104029201179	0	1200,0	1283	447
-15.45	-14.55	-0.814263652955216	0	1200,0	1284	447
-14.45	-13.55	-2.21886845430296	0	1200,0	1285	447
-13.45	-12.55	-0.225677383125088	0	1200,0	1286	447
-12.45	-11.55	-1.61869998596097	0	1200,0	1287	447
-11.45	-10.55	-0.375544012354345	0	1200,0	1288	447
-10.45	-9.55	-1.02941176470588	0	1200,0	1289	447
-9.45	-8.55	-0.250596658711217	0	1200,0	1290	447
-8.45	-7.55	-1.77032149375263	0	1200,0	1291	447
-7.45	-6.55	-1.15506106977397	0	1200,0	1292	447
-6.45	-5.55	-2.07847816931068	0	1200,0	1293	447
-5.45	-4.55	-2.16622209743086	0	1200,0	1294	447
-3.45	-2.55	-1.73662782535449	0	1200,0	1296	448
-2.45	-1.55	-0.98308297065843	0	1200,0	1297	448
-1.45	-0.55	-1.45935701249474	0	1200,0	1298	448
-0.45	0.45	-1.09890495577706	0	1200,0	1299	448
0.55	1.45	-0.167064439140811	0	1200,0	1300	448
1.55	2.45	-0.759160466095746	0	1200,0	1301	448
2.55	3.45	-0.848659272778324	0	1200,0	1302	448
3.55	4.45	-0.448897936262811	0	1200,0	1303	448
4.55	5.45	-1.33686648883897	0	1200,0	1304	448
-42.45	-41.55	-0.0301839112733399	0	1300,100	1308	451
-35.45	-34.55	-0.250245682998736	0	1300,100	1315	457
-33.45	-32.55	-0.449248911975291	0	1300,100	1317	458
-30.45	-29.55	-0.0424680612101643	0	1300,100	1320	460
-28.45	-27.55	-0.779166081707146	0	1300,100	1322	461
-27.45	-26.55	-0.256212270110908	0	1300,100	1323	461
-26.45	-25.55	-0.671416537975572	0	1300,100	1324	461
-25.45	-24.55	-0.0263231784360522	0	1300,100	1325	461
-24.45	-23.55	-0.582970658430437	0	1300,100	1326	461
-23.45	-22.55	-1.23262670223221	0	1300,100	1327	461
-21.45	-20.55	-0.355889372455426	0	1300,100	1329	462
-20.45	-19.55	-1.66573073143338	0	1300,100	1330	462
-19.45	-18.55	-0.0186017127614769	0	1300,100	1331	462
-18.45	-17.55	-0.0593148954092377	0	1300,100	1332	462
-17.45	-16.55	-1.68573634704478	0	1300,100	1333	462
-16.45	-15.55	-0.874982451214376	0	1300,100	1334	462
-15.45	-14.55	-1.37687772006177	0	1300,100	1335	462
-14.45	-13.55	-0.961673452197108	0	1300,100	1336	462
-11.45	-10.55	-0.0505405025972203	0	1300,100	1339	464
-10.45	-9.55	-0.260423978660677	0	1300,100	1340	464
-9.45	-8.55	-1.75944124666573	0	1300,100	1341	464
-8.45	-7.55	-1.76575880949038	0	1300,100	1342	464
-7.45	-6.55	-1.31686087322757	0	1300,100	1343	464
-6.45	-5.55	-1.99740277972764	0	1300,100	1344	464
-5.45	-4.55	-2.15183209321915	0	1300,100	1345	464
-4.45	-3.55	-0.900954653937947	0	1300,100	1346	464
-3.45	-2.55	-0.934297346623614	0	1300,100	1347	464
-2.45	-1.55	-0.164607609153447	0	1300,100	1348	464
-1.45	-0.55	-0.595605784079742	0	1300,100	1349	464
-0.45	0.45	-0.856380738452899	0	1300,100	1350	464
0.55	1.45	-1.00414151340727	0	1300,100	1351	464
1.55	2.45	-0.261125930085638	0	1300,100	1352	464
3.55	4.45	-0.239716411624316	0	1300,100	1354	465
-45.45	-44.55	-0.0954653937947494	0	1400,200	1356	466
-44.45	-43.55	-0.153376386354064	0	1400,200	1357	466
-43.45	-42.55	-0.137231503579952	0	1400,200	1358	466
-42.45	-41.55	-0.0186017127614769	0	1400,200	1359	466
-40.45	-39.55	-1.99705180401516	0	1400,200	1361	467
-39.45	-38.55	-2.14762038466938	0	1400,200	1362	467
-38.45	-37.55	-1.98862838691563	0	1400,200	1363	467
-37.45	-36.55	-2.7709532500351	0	1400,200	1364	467
-36.45	-35.55	-2.5526463568721	0	1400,200	1365	467
-35.45	-34.55	-1.59588656464973	0	1400,200	1366	467
-34.45	-33.55	-2.88747718657869	0	1400,200	1367	467
-33.45	-32.55	-1.20103888810894	0	1400,200	1368	467
-32.45	-31.55	-1.00800224624456	0	1400,200	1369	467
-31.45	-30.55	-3.9709392110066	0	1400,200	1370	467
-30.45	-29.55	-1.64923487294679	0	1400,200	1371	467
-29.45	-28.55	-1.42601431980907	0	1400,200	1372	467
-28.45	-27.55	-4.11554120454865	0	1400,200	1373	467
-27.45	-26.55	-2.15569282605644	0	1400,200	1374	467
-26.45	-25.55	-3.52625298329356	0	1400,200	1375	467
-25.45	-24.55	-1.8854415274463	0	1400,200	1376	467
-24.45	-23.55	-6.14137301698723	0	1400,200	1377	467
-23.45	-22.55	-0.329917169731855	0	1400,200	1378	467
-22.45	-21.55	-0.834269268566615	0	1400,200	1379	467
-21.45	-20.55	-0.359048153867752	0	1400,200	1380	467
-20.45	-19.55	-0.0856380738452899	0	1400,200	1381	467
-19.45	-18.55	-0.328864242594412	0	1400,200	1382	467
-18.45	-17.55	-6.35757405587533	0	1400,200	1383	467
-17.45	-16.55	-8.33251439000421	0	1400,200	1384	467
-16.45	-15.55	-4.93261266320371	0	1400,200	1385	467
-15.45	-14.55	-6.31229818896532	0	1400,200	1386	467
-14.45	-13.55	-8.23389021479714	0	1400,200	1387	467
-13.45	-12.55	-6.20279376667135	0	1400,200	1388	467
-12.45	-11.55	-6.24420890074407	0	1400,200	1389	467
-11.45	-10.55	-8.09385090551734	0	1400,200	1390	467
-10.45	-9.55	-7.92327670925172	0	1400,200	1391	467
-9.45	-8.55	-10	0	1400,200	1392	467
-8.45	-7.55	-4.14116243155974	0	1400,200	1393	467
-6.45	-5.55	-0.116874912256072	0	1400,200	1395	468
-5.45	-4.55	-0.379053769479152	0	1400,200	1396	468
-3.45	-2.55	-0.314825214095185	0	1400,200	1398	469
-2.45	-1.55	-2.79341569563386	0	1400,200	1399	469
-1.45	-0.55	-0.317282044082549	0	1400,200	1400	469
-0.45	0.45	-2.22834479853994	0	1400,200	1401	469
0.55	1.45	-1.17787449108522	0	1400,200	1402	469
1.55	2.45	-1.55517338200197	0	1400,200	1403	469
2.55	3.45	-0.931489540923768	0	1400,200	1404	469
-44.45	-43.55	-1.13645935701249	0	1250,50	1407	471
-43.45	-42.55	-0.256563245823389	0	1250,50	1408	471
-41.45	-40.55	-0.156886143478871	0	1250,50	1410	472
-40.45	-39.55	-1.14032008984978	0	1250,50	1411	472
-39.45	-38.55	-0.485750386073284	0	1250,50	1412	472
-38.45	-37.55	-0.360803032430156	0	1250,50	1413	472
-37.45	-36.55	-0.261476905798119	0	1250,50	1414	472
-36.45	-35.55	-0.322195704057279	0	1250,50	1415	472
-35.45	-34.55	-0.83146146286677	0	1250,50	1416	472
-34.45	-33.55	-0.0424680612101643	0	1250,50	1417	472
-17.45	-16.55	-0.0810753895830409	0	1250,50	1434	488
-12.45	-11.55	-0.090200758107539	0	1250,50	1439	492
-11.45	-10.55	-0.27235715288502	0	1250,50	1440	492
-10.45	-9.55	-0.277972764284712	0	1250,50	1441	492
-9.45	-8.55	-0.0424680612101643	0	1250,50	1442	492
-8.45	-7.55	-0.203214937526323	0	1250,50	1443	492
-7.45	-6.55	-0.0856380738452899	0	1250,50	1444	492
-6.45	-5.55	-0.150217604941738	0	1250,50	1445	492
-4.45	-3.55	-0.0765127053207918	0	1250,50	1447	493
-3.45	-2.55	-1.109083251439	0	1250,50	1448	493
-2.45	-1.55	-0.122841499368244	0	1250,50	1449	493
1.55	2.45	-0.628597501052927	0	1250,50	1453	496
2.55	3.45	-0.427488417801488	0	1250,50	1454	496
3.55	4.45	-0.142847114979643	0	1250,50	1455	496
-42.45	-41.55	-0.132317843605223	0	1350,150	1458	498
-32.45	-31.55	-1.62256071879826	0	1350,150	1468	507
-31.45	-30.55	-0.153025410641584	0	1350,150	1469	507
-30.45	-29.55	-2.94959988768777	0	1350,150	1470	507
-29.45	-28.55	-0.379053769479152	0	1350,150	1471	507
-28.45	-27.55	-0.280780569984557	0	1350,150	1472	507
-27.45	-26.55	-1.15295521549909	0	1350,150	1473	507
-26.45	-25.55	-0.197950301839113	0	1350,150	1474	507
-25.45	-24.55	-0.245332023024007	0	1350,150	1475	507
-21.45	-20.55	-0.348167906780851	0	1350,150	1479	510
-20.45	-19.55	-0.355187421030465	0	1350,150	1480	510
-19.45	-18.55	-0.388530113716131	0	1350,150	1481	510
-18.45	-17.55	-0.373789133791942	0	1350,150	1482	510
-16.45	-15.55	-1.20384669380879	0	1350,150	1484	511
-15.45	-14.55	-1.57377509476344	0	1350,150	1485	511
-14.45	-13.55	-0.090200758107539	0	1350,150	1486	511
-13.45	-12.55	-0.187421030464692	0	1350,150	1487	511
-12.45	-11.55	-0.108802470869016	0	1350,150	1488	511
-11.45	-10.55	-0.34290327109364	0	1350,150	1489	511
-10.45	-9.55	-2.44419486171557	0	1350,150	1490	511
-9.45	-8.55	-1.93703495718096	0	1350,150	1491	511
-5.45	-4.55	-0.0480836726098554	0	1350,150	1495	514
-4.45	-3.55	-0.187070054752211	0	1350,150	1496	514
-3.45	-2.55	-0.0677383125087744	0	1350,150	1497	514
-1.45	-0.55	-0.5545416257195	0	1350,150	1499	515
0.55	1.45	-0.0930085638073845	0	1350,150	1501	516
1.55	2.45	-0.150568580654219	0	1350,150	1502	516
2.55	3.45	-0.100028078056998	0	1350,150	1503	516
-44.45	-43.55	-1.13645935701249	0	1250,0	1505	517
-43.45	-42.55	-0.256563245823389	0	1250,0	1506	517
-41.45	-40.55	-0.156886143478871	0	1250,0	1508	518
-40.45	-39.55	-1.14032008984978	0	1250,0	1509	518
-39.45	-38.55	-0.485750386073284	0	1250,0	1510	518
-38.45	-37.55	-0.360803032430156	0	1250,0	1511	518
-37.45	-36.55	-0.261476905798119	0	1250,0	1512	518
-36.45	-35.55	-0.322195704057279	0	1250,0	1513	518
-35.45	-34.55	-0.83146146286677	0	1250,0	1514	518
-34.45	-33.55	-0.0424680612101643	0	1250,0	1515	518
-17.45	-16.55	-0.0810753895830409	0	1250,0	1532	534
-12.45	-11.55	-0.090200758107539	0	1250,0	1537	538
-11.45	-10.55	-0.27235715288502	0	1250,0	1538	538
-10.45	-9.55	-0.277972764284712	0	1250,0	1539	538
-9.45	-8.55	-0.0424680612101643	0	1250,0	1540	538
-8.45	-7.55	-0.203214937526323	0	1250,0	1541	538
-7.45	-6.55	-0.0856380738452899	0	1250,0	1542	538
-6.45	-5.55	-0.150217604941738	0	1250,0	1543	538
-4.45	-3.55	-0.0765127053207918	0	1250,0	1545	539
-3.45	-2.55	-1.109083251439	0	1250,0	1546	539
-2.45	-1.55	-0.122841499368244	0	1250,0	1547	539
1.55	2.45	-0.628597501052927	0	1250,0	1551	542
2.55	3.45	-0.427488417801488	0	1250,0	1552	542
3.55	4.45	-0.142847114979643	0	1250,0	1553	542
-42.45	-41.55	-0.0301839112733399	0	1300,50	1557	545
-35.45	-34.55	-0.250245682998736	0	1300,50	1564	551
-33.45	-32.55	-0.449248911975291	0	1300,50	1566	552
-30.45	-29.55	-0.0424680612101643	0	1300,50	1569	554
-28.45	-27.55	-0.779166081707146	0	1300,50	1571	555
-27.45	-26.55	-0.256212270110908	0	1300,50	1572	555
-26.45	-25.55	-0.671416537975572	0	1300,50	1573	555
-25.45	-24.55	-0.0263231784360522	0	1300,50	1574	555
-24.45	-23.55	-0.582970658430437	0	1300,50	1575	555
-23.45	-22.55	-1.23262670223221	0	1300,50	1576	555
-21.45	-20.55	-0.355889372455426	0	1300,50	1578	556
-20.45	-19.55	-1.66573073143338	0	1300,50	1579	556
-19.45	-18.55	-0.0186017127614769	0	1300,50	1580	556
-18.45	-17.55	-0.0593148954092377	0	1300,50	1581	556
-17.45	-16.55	-1.68573634704478	0	1300,50	1582	556
-16.45	-15.55	-0.874982451214376	0	1300,50	1583	556
-15.45	-14.55	-1.37687772006177	0	1300,50	1584	556
-14.45	-13.55	-0.961673452197108	0	1300,50	1585	556
-11.45	-10.55	-0.0505405025972203	0	1300,50	1588	558
-10.45	-9.55	-0.260423978660677	0	1300,50	1589	558
-9.45	-8.55	-1.75944124666573	0	1300,50	1590	558
-8.45	-7.55	-1.76575880949038	0	1300,50	1591	558
-7.45	-6.55	-1.31686087322757	0	1300,50	1592	558
-6.45	-5.55	-1.99740277972764	0	1300,50	1593	558
-5.45	-4.55	-2.15183209321915	0	1300,50	1594	558
-4.45	-3.55	-0.900954653937947	0	1300,50	1595	558
-3.45	-2.55	-0.934297346623614	0	1300,50	1596	558
-2.45	-1.55	-0.164607609153447	0	1300,50	1597	558
-1.45	-0.55	-0.595605784079742	0	1300,50	1598	558
-0.45	0.45	-0.856380738452899	0	1300,50	1599	558
0.55	1.45	-1.00414151340727	0	1300,50	1600	558
1.55	2.45	-0.261125930085638	0	1300,50	1601	558
3.55	4.45	-0.239716411624316	0	1300,50	1603	559
-42.45	-41.55	-0.132317843605223	0	1350,100	1607	562
-32.45	-31.55	-1.62256071879826	0	1350,100	1617	571
-31.45	-30.55	-0.153025410641584	0	1350,100	1618	571
-30.45	-29.55	-2.94959988768777	0	1350,100	1619	571
-29.45	-28.55	-0.379053769479152	0	1350,100	1620	571
-28.45	-27.55	-0.280780569984557	0	1350,100	1621	571
-27.45	-26.55	-1.15295521549909	0	1350,100	1622	571
-26.45	-25.55	-0.197950301839113	0	1350,100	1623	571
-25.45	-24.55	-0.245332023024007	0	1350,100	1624	571
-21.45	-20.55	-0.348167906780851	0	1350,100	1628	574
-20.45	-19.55	-0.355187421030465	0	1350,100	1629	574
-19.45	-18.55	-0.388530113716131	0	1350,100	1630	574
-18.45	-17.55	-0.373789133791942	0	1350,100	1631	574
-16.45	-15.55	-1.20384669380879	0	1350,100	1633	575
-15.45	-14.55	-1.57377509476344	0	1350,100	1634	575
-14.45	-13.55	-0.090200758107539	0	1350,100	1635	575
-13.45	-12.55	-0.187421030464692	0	1350,100	1636	575
-12.45	-11.55	-0.108802470869016	0	1350,100	1637	575
-11.45	-10.55	-0.34290327109364	0	1350,100	1638	575
-10.45	-9.55	-2.44419486171557	0	1350,100	1639	575
-9.45	-8.55	-1.93703495718096	0	1350,100	1640	575
-5.45	-4.55	-0.0480836726098554	0	1350,100	1644	578
-4.45	-3.55	-0.187070054752211	0	1350,100	1645	578
-3.45	-2.55	-0.0677383125087744	0	1350,100	1646	578
-1.45	-0.55	-0.5545416257195	0	1350,100	1648	579
0.55	1.45	-0.0930085638073845	0	1350,100	1650	580
1.55	2.45	-0.150568580654219	0	1350,100	1651	580
2.55	3.45	-0.100028078056998	0	1350,100	1652	580
-45.45	-44.55	-0.0954653937947494	0	1400,150	1654	581
-44.45	-43.55	-0.153376386354064	0	1400,150	1655	581
-43.45	-42.55	-0.137231503579952	0	1400,150	1656	581
-42.45	-41.55	-0.0186017127614769	0	1400,150	1657	581
-40.45	-39.55	-1.99705180401516	0	1400,150	1659	582
-39.45	-38.55	-2.14762038466938	0	1400,150	1660	582
-38.45	-37.55	-1.98862838691563	0	1400,150	1661	582
-37.45	-36.55	-2.7709532500351	0	1400,150	1662	582
-36.45	-35.55	-2.5526463568721	0	1400,150	1663	582
-35.45	-34.55	-1.59588656464973	0	1400,150	1664	582
-34.45	-33.55	-2.88747718657869	0	1400,150	1665	582
-33.45	-32.55	-1.20103888810894	0	1400,150	1666	582
-32.45	-31.55	-1.00800224624456	0	1400,150	1667	582
-31.45	-30.55	-3.9709392110066	0	1400,150	1668	582
-30.45	-29.55	-1.64923487294679	0	1400,150	1669	582
-29.45	-28.55	-1.42601431980907	0	1400,150	1670	582
-28.45	-27.55	-4.11554120454865	0	1400,150	1671	582
-27.45	-26.55	-2.15569282605644	0	1400,150	1672	582
-26.45	-25.55	-3.52625298329356	0	1400,150	1673	582
-25.45	-24.55	-1.8854415274463	0	1400,150	1674	582
-24.45	-23.55	-6.14137301698723	0	1400,150	1675	582
-23.45	-22.55	-0.329917169731855	0	1400,150	1676	582
-22.45	-21.55	-0.834269268566615	0	1400,150	1677	582
-21.45	-20.55	-0.359048153867752	0	1400,150	1678	582
-20.45	-19.55	-0.0856380738452899	0	1400,150	1679	582
-19.45	-18.55	-0.328864242594412	0	1400,150	1680	582
-18.45	-17.55	-6.35757405587533	0	1400,150	1681	582
-17.45	-16.55	-8.33251439000421	0	1400,150	1682	582
-16.45	-15.55	-4.93261266320371	0	1400,150	1683	582
-15.45	-14.55	-6.31229818896532	0	1400,150	1684	582
-14.45	-13.55	-8.23389021479714	0	1400,150	1685	582
-13.45	-12.55	-6.20279376667135	0	1400,150	1686	582
-12.45	-11.55	-6.24420890074407	0	1400,150	1687	582
-11.45	-10.55	-8.09385090551734	0	1400,150	1688	582
-10.45	-9.55	-7.92327670925172	0	1400,150	1689	582
-9.45	-8.55	-10	0	1400,150	1690	582
-8.45	-7.55	-4.14116243155974	0	1400,150	1691	582
-6.45	-5.55	-0.116874912256072	0	1400,150	1693	583
-5.45	-4.55	-0.379053769479152	0	1400,150	1694	583
-3.45	-2.55	-0.314825214095185	0	1400,150	1696	584
-2.45	-1.55	-2.79341569563386	0	1400,150	1697	584
-1.45	-0.55	-0.317282044082549	0	1400,150	1698	584
-0.45	0.45	-2.22834479853994	0	1400,150	1699	584
0.55	1.45	-1.17787449108522	0	1400,150	1700	584
1.55	2.45	-1.55517338200197	0	1400,150	1701	584
2.55	3.45	-0.931489540923768	0	1400,150	1702	584
-44.45	-43.55	-2.61652393654359	0	1450,200	1705	586
-43.45	-42.55	-0.694931910711779	0	1450,200	1706	586
-42.45	-41.55	-0.321844728344799	0	1450,200	1707	586
-41.45	-40.55	-1.14663765267444	0	1450,200	1708	586
-40.45	-39.55	-1.23894426505686	0	1450,200	1709	586
-39.45	-38.55	-0.0480836726098554	0	1450,200	1710	586
-38.45	-37.55	-0.103537835181805	0	1450,200	1711	586
-36.45	-35.55	-2.58669100098273	0	1450,200	1713	587
-35.45	-34.55	-0.999227853432543	0	1450,200	1714	587
-34.45	-33.55	-2.25326407412607	0	1450,200	1715	587
-33.45	-32.55	-0.824090972904675	0	1450,200	1716	587
-32.45	-31.55	-0.821283167204829	0	1450,200	1717	587
-31.45	-30.55	-2.21149796434087	0	1450,200	1718	587
-29.45	-28.55	-0.103537835181805	0	1450,200	1720	588
-28.45	-27.55	-0.723711919135196	0	1450,200	1721	588
-27.45	-26.55	-0.449950863400253	0	1450,200	1722	588
-25.45	-24.55	-1.66432682858346	0	1450,200	1724	589
-24.45	-23.55	-2.7435771444616	0	1450,200	1725	589
-23.45	-22.55	-1.13786325986242	0	1450,200	1726	589
-22.45	-21.55	-0.172680050540503	0	1450,200	1727	589
-21.45	-20.55	-0.164958584865927	0	1450,200	1728	589
-20.45	-19.55	-0.884809771163836	0	1450,200	1729	589
-19.45	-18.55	-1.15506106977397	0	1450,200	1730	589
-18.45	-17.55	-0.378702793766671	0	1450,200	1731	589
-17.45	-16.55	-0.387828162291169	0	1450,200	1732	589
-16.45	-15.55	-0.418012073564509	0	1450,200	1733	589
-15.45	-14.55	-0.0480836726098554	0	1450,200	1734	589
-13.45	-12.55	-1.26632037063035	0	1450,200	1736	590
-11.45	-10.55	-1.590972904675	0	1450,200	1738	591
-10.45	-9.55	-4.28892320651411	0	1450,200	1739	591
-9.45	-8.55	-0.162150779166082	0	1450,200	1740	591
-5.45	-4.55	-0.192334690439422	0	1450,200	1744	594
-2.45	-1.55	-0.0505405025972203	0	1450,200	1747	596
-1.45	-0.55	-1.93387617576864	0	1450,200	1748	596
-0.45	0.45	-1.94405447143058	0	1450,200	1749	596
0.55	1.45	-1.29439842762881	0	1450,200	1750	596
1.55	2.45	-1.38530113716131	0	1450,200	1751	596
2.55	3.45	-1.5744770461884	0	1450,200	1752	596
3.55	4.45	-0.989400533483083	0	1450,200	1753	596
-42.45	-41.55	-0.0301839112733399	0	1300,0	1757	599
-35.45	-34.55	-0.250245682998736	0	1300,0	1764	605
-33.45	-32.55	-0.449248911975291	0	1300,0	1766	606
-30.45	-29.55	-0.0424680612101643	0	1300,0	1769	608
-28.45	-27.55	-0.779166081707146	0	1300,0	1771	609
-27.45	-26.55	-0.256212270110908	0	1300,0	1772	609
-26.45	-25.55	-0.671416537975572	0	1300,0	1773	609
-25.45	-24.55	-0.0263231784360522	0	1300,0	1774	609
-24.45	-23.55	-0.582970658430437	0	1300,0	1775	609
-23.45	-22.55	-1.23262670223221	0	1300,0	1776	609
-21.45	-20.55	-0.355889372455426	0	1300,0	1778	610
-20.45	-19.55	-1.66573073143338	0	1300,0	1779	610
-19.45	-18.55	-0.0186017127614769	0	1300,0	1780	610
-18.45	-17.55	-0.0593148954092377	0	1300,0	1781	610
-17.45	-16.55	-1.68573634704478	0	1300,0	1782	610
-16.45	-15.55	-0.874982451214376	0	1300,0	1783	610
-15.45	-14.55	-1.37687772006177	0	1300,0	1784	610
-14.45	-13.55	-0.961673452197108	0	1300,0	1785	610
-11.45	-10.55	-0.0505405025972203	0	1300,0	1788	612
-10.45	-9.55	-0.260423978660677	0	1300,0	1789	612
-9.45	-8.55	-1.75944124666573	0	1300,0	1790	612
-8.45	-7.55	-1.76575880949038	0	1300,0	1791	612
-7.45	-6.55	-1.31686087322757	0	1300,0	1792	612
-6.45	-5.55	-1.99740277972764	0	1300,0	1793	612
-5.45	-4.55	-2.15183209321915	0	1300,0	1794	612
-4.45	-3.55	-0.900954653937947	0	1300,0	1795	612
-3.45	-2.55	-0.934297346623614	0	1300,0	1796	612
-2.45	-1.55	-0.164607609153447	0	1300,0	1797	612
-1.45	-0.55	-0.595605784079742	0	1300,0	1798	612
-0.45	0.45	-0.856380738452899	0	1300,0	1799	612
0.55	1.45	-1.00414151340727	0	1300,0	1800	612
1.55	2.45	-0.261125930085638	0	1300,0	1801	612
3.55	4.45	-0.239716411624316	0	1300,0	1803	613
-45.45	-44.55	-0.0954653937947494	0	1400,100	1805	614
-44.45	-43.55	-0.153376386354064	0	1400,100	1806	614
-43.45	-42.55	-0.137231503579952	0	1400,100	1807	614
-42.45	-41.55	-0.0186017127614769	0	1400,100	1808	614
-40.45	-39.55	-1.99705180401516	0	1400,100	1810	615
-39.45	-38.55	-2.14762038466938	0	1400,100	1811	615
-38.45	-37.55	-1.98862838691563	0	1400,100	1812	615
-37.45	-36.55	-2.7709532500351	0	1400,100	1813	615
-36.45	-35.55	-2.5526463568721	0	1400,100	1814	615
-35.45	-34.55	-1.59588656464973	0	1400,100	1815	615
-34.45	-33.55	-2.88747718657869	0	1400,100	1816	615
-33.45	-32.55	-1.20103888810894	0	1400,100	1817	615
-32.45	-31.55	-1.00800224624456	0	1400,100	1818	615
-31.45	-30.55	-3.9709392110066	0	1400,100	1819	615
-30.45	-29.55	-1.64923487294679	0	1400,100	1820	615
-29.45	-28.55	-1.42601431980907	0	1400,100	1821	615
-28.45	-27.55	-4.11554120454865	0	1400,100	1822	615
-27.45	-26.55	-2.15569282605644	0	1400,100	1823	615
-26.45	-25.55	-3.52625298329356	0	1400,100	1824	615
-25.45	-24.55	-1.8854415274463	0	1400,100	1825	615
-24.45	-23.55	-6.14137301698723	0	1400,100	1826	615
-23.45	-22.55	-0.329917169731855	0	1400,100	1827	615
-22.45	-21.55	-0.834269268566615	0	1400,100	1828	615
-21.45	-20.55	-0.359048153867752	0	1400,100	1829	615
-20.45	-19.55	-0.0856380738452899	0	1400,100	1830	615
-19.45	-18.55	-0.328864242594412	0	1400,100	1831	615
-18.45	-17.55	-6.35757405587533	0	1400,100	1832	615
-17.45	-16.55	-8.33251439000421	0	1400,100	1833	615
-16.45	-15.55	-4.93261266320371	0	1400,100	1834	615
-15.45	-14.55	-6.31229818896532	0	1400,100	1835	615
-14.45	-13.55	-8.23389021479714	0	1400,100	1836	615
-13.45	-12.55	-6.20279376667135	0	1400,100	1837	615
-12.45	-11.55	-6.24420890074407	0	1400,100	1838	615
-11.45	-10.55	-8.09385090551734	0	1400,100	1839	615
-10.45	-9.55	-7.92327670925172	0	1400,100	1840	615
-9.45	-8.55	-10	0	1400,100	1841	615
-8.45	-7.55	-4.14116243155974	0	1400,100	1842	615
-6.45	-5.55	-0.116874912256072	0	1400,100	1844	616
-5.45	-4.55	-0.379053769479152	0	1400,100	1845	616
-3.45	-2.55	-0.314825214095185	0	1400,100	1847	617
-2.45	-1.55	-2.79341569563386	0	1400,100	1848	617
-1.45	-0.55	-0.317282044082549	0	1400,100	1849	617
-0.45	0.45	-2.22834479853994	0	1400,100	1850	617
0.55	1.45	-1.17787449108522	0	1400,100	1851	617
1.55	2.45	-1.55517338200197	0	1400,100	1852	617
2.55	3.45	-0.931489540923768	0	1400,100	1853	617
-42.45	-41.55	-0.132317843605223	0	1350,50	1858	621
-32.45	-31.55	-1.62256071879826	0	1350,50	1868	630
-31.45	-30.55	-0.153025410641584	0	1350,50	1869	630
-30.45	-29.55	-2.94959988768777	0	1350,50	1870	630
-29.45	-28.55	-0.379053769479152	0	1350,50	1871	630
-28.45	-27.55	-0.280780569984557	0	1350,50	1872	630
-27.45	-26.55	-1.15295521549909	0	1350,50	1873	630
-26.45	-25.55	-0.197950301839113	0	1350,50	1874	630
-25.45	-24.55	-0.245332023024007	0	1350,50	1875	630
-21.45	-20.55	-0.348167906780851	0	1350,50	1879	633
-20.45	-19.55	-0.355187421030465	0	1350,50	1880	633
-19.45	-18.55	-0.388530113716131	0	1350,50	1881	633
-18.45	-17.55	-0.373789133791942	0	1350,50	1882	633
-16.45	-15.55	-1.20384669380879	0	1350,50	1884	634
-15.45	-14.55	-1.57377509476344	0	1350,50	1885	634
-14.45	-13.55	-0.090200758107539	0	1350,50	1886	634
-13.45	-12.55	-0.187421030464692	0	1350,50	1887	634
-12.45	-11.55	-0.108802470869016	0	1350,50	1888	634
-11.45	-10.55	-0.34290327109364	0	1350,50	1889	634
-10.45	-9.55	-2.44419486171557	0	1350,50	1890	634
-9.45	-8.55	-1.93703495718096	0	1350,50	1891	634
-5.45	-4.55	-0.0480836726098554	0	1350,50	1895	637
-4.45	-3.55	-0.187070054752211	0	1350,50	1896	637
-3.45	-2.55	-0.0677383125087744	0	1350,50	1897	637
-1.45	-0.55	-0.5545416257195	0	1350,50	1899	638
0.55	1.45	-0.0930085638073845	0	1350,50	1901	639
1.55	2.45	-0.150568580654219	0	1350,50	1902	639
2.55	3.45	-0.100028078056998	0	1350,50	1903	639
-44.45	-43.55	-2.61652393654359	0	1450,150	1905	640
-43.45	-42.55	-0.694931910711779	0	1450,150	1906	640
-42.45	-41.55	-0.321844728344799	0	1450,150	1907	640
-41.45	-40.55	-1.14663765267444	0	1450,150	1908	640
-40.45	-39.55	-1.23894426505686	0	1450,150	1909	640
-39.45	-38.55	-0.0480836726098554	0	1450,150	1910	640
-38.45	-37.55	-0.103537835181805	0	1450,150	1911	640
-36.45	-35.55	-2.58669100098273	0	1450,150	1913	641
-35.45	-34.55	-0.999227853432543	0	1450,150	1914	641
-34.45	-33.55	-2.25326407412607	0	1450,150	1915	641
-33.45	-32.55	-0.824090972904675	0	1450,150	1916	641
-32.45	-31.55	-0.821283167204829	0	1450,150	1917	641
-31.45	-30.55	-2.21149796434087	0	1450,150	1918	641
-29.45	-28.55	-0.103537835181805	0	1450,150	1920	642
-28.45	-27.55	-0.723711919135196	0	1450,150	1921	642
-27.45	-26.55	-0.449950863400253	0	1450,150	1922	642
-25.45	-24.55	-1.66432682858346	0	1450,150	1924	643
-24.45	-23.55	-2.7435771444616	0	1450,150	1925	643
-23.45	-22.55	-1.13786325986242	0	1450,150	1926	643
-22.45	-21.55	-0.172680050540503	0	1450,150	1927	643
-21.45	-20.55	-0.164958584865927	0	1450,150	1928	643
-20.45	-19.55	-0.884809771163836	0	1450,150	1929	643
-19.45	-18.55	-1.15506106977397	0	1450,150	1930	643
-18.45	-17.55	-0.378702793766671	0	1450,150	1931	643
-17.45	-16.55	-0.387828162291169	0	1450,150	1932	643
-16.45	-15.55	-0.418012073564509	0	1450,150	1933	643
-15.45	-14.55	-0.0480836726098554	0	1450,150	1934	643
-13.45	-12.55	-1.26632037063035	0	1450,150	1936	644
-11.45	-10.55	-1.590972904675	0	1450,150	1938	645
-10.45	-9.55	-4.28892320651411	0	1450,150	1939	645
-9.45	-8.55	-0.162150779166082	0	1450,150	1940	645
-5.45	-4.55	-0.192334690439422	0	1450,150	1944	648
-2.45	-1.55	-0.0505405025972203	0	1450,150	1947	650
-1.45	-0.55	-1.93387617576864	0	1450,150	1948	650
-0.45	0.45	-1.94405447143058	0	1450,150	1949	650
0.55	1.45	-1.29439842762881	0	1450,150	1950	650
1.55	2.45	-1.38530113716131	0	1450,150	1951	650
2.55	3.45	-1.5744770461884	0	1450,150	1952	650
3.55	4.45	-0.989400533483083	0	1450,150	1953	650
-42.45	-41.55	-0.132317843605223	0	1350,0	1956	652
-32.45	-31.55	-1.62256071879826	0	1350,0	1966	661
-31.45	-30.55	-0.153025410641584	0	1350,0	1967	661
-30.45	-29.55	-2.94959988768777	0	1350,0	1968	661
-29.45	-28.55	-0.379053769479152	0	1350,0	1969	661
-28.45	-27.55	-0.280780569984557	0	1350,0	1970	661
-27.45	-26.55	-1.15295521549909	0	1350,0	1971	661
-26.45	-25.55	-0.197950301839113	0	1350,0	1972	661
-25.45	-24.55	-0.245332023024007	0	1350,0	1973	661
-21.45	-20.55	-0.348167906780851	0	1350,0	1977	664
-20.45	-19.55	-0.355187421030465	0	1350,0	1978	664
-19.45	-18.55	-0.388530113716131	0	1350,0	1979	664
-18.45	-17.55	-0.373789133791942	0	1350,0	1980	664
-16.45	-15.55	-1.20384669380879	0	1350,0	1982	665
-15.45	-14.55	-1.57377509476344	0	1350,0	1983	665
-14.45	-13.55	-0.090200758107539	0	1350,0	1984	665
-13.45	-12.55	-0.187421030464692	0	1350,0	1985	665
-12.45	-11.55	-0.108802470869016	0	1350,0	1986	665
-11.45	-10.55	-0.34290327109364	0	1350,0	1987	665
-10.45	-9.55	-2.44419486171557	0	1350,0	1988	665
-9.45	-8.55	-1.93703495718096	0	1350,0	1989	665
-5.45	-4.55	-0.0480836726098554	0	1350,0	1993	668
-4.45	-3.55	-0.187070054752211	0	1350,0	1994	668
-3.45	-2.55	-0.0677383125087744	0	1350,0	1995	668
-1.45	-0.55	-0.5545416257195	0	1350,0	1997	669
0.55	1.45	-0.0930085638073845	0	1350,0	1999	670
1.55	2.45	-0.150568580654219	0	1350,0	2000	670
2.55	3.45	-0.100028078056998	0	1350,0	2001	670
-45.45	-44.55	-0.0954653937947494	0	1400,50	2003	671
-44.45	-43.55	-0.153376386354064	0	1400,50	2004	671
-43.45	-42.55	-0.137231503579952	0	1400,50	2005	671
-42.45	-41.55	-0.0186017127614769	0	1400,50	2006	671
-40.45	-39.55	-1.99705180401516	0	1400,50	2008	672
-39.45	-38.55	-2.14762038466938	0	1400,50	2009	672
-38.45	-37.55	-1.98862838691563	0	1400,50	2010	672
-37.45	-36.55	-2.7709532500351	0	1400,50	2011	672
-36.45	-35.55	-2.5526463568721	0	1400,50	2012	672
-35.45	-34.55	-1.59588656464973	0	1400,50	2013	672
-34.45	-33.55	-2.88747718657869	0	1400,50	2014	672
-33.45	-32.55	-1.20103888810894	0	1400,50	2015	672
-32.45	-31.55	-1.00800224624456	0	1400,50	2016	672
-31.45	-30.55	-3.9709392110066	0	1400,50	2017	672
-30.45	-29.55	-1.64923487294679	0	1400,50	2018	672
-29.45	-28.55	-1.42601431980907	0	1400,50	2019	672
-28.45	-27.55	-4.11554120454865	0	1400,50	2020	672
-27.45	-26.55	-2.15569282605644	0	1400,50	2021	672
-26.45	-25.55	-3.52625298329356	0	1400,50	2022	672
-25.45	-24.55	-1.8854415274463	0	1400,50	2023	672
-24.45	-23.55	-6.14137301698723	0	1400,50	2024	672
-23.45	-22.55	-0.329917169731855	0	1400,50	2025	672
-22.45	-21.55	-0.834269268566615	0	1400,50	2026	672
-21.45	-20.55	-0.359048153867752	0	1400,50	2027	672
-20.45	-19.55	-0.0856380738452899	0	1400,50	2028	672
-19.45	-18.55	-0.328864242594412	0	1400,50	2029	672
-18.45	-17.55	-6.35757405587533	0	1400,50	2030	672
-17.45	-16.55	-8.33251439000421	0	1400,50	2031	672
-16.45	-15.55	-4.93261266320371	0	1400,50	2032	672
-15.45	-14.55	-6.31229818896532	0	1400,50	2033	672
-14.45	-13.55	-8.23389021479714	0	1400,50	2034	672
-13.45	-12.55	-6.20279376667135	0	1400,50	2035	672
-12.45	-11.55	-6.24420890074407	0	1400,50	2036	672
-11.45	-10.55	-8.09385090551734	0	1400,50	2037	672
-10.45	-9.55	-7.92327670925172	0	1400,50	2038	672
-9.45	-8.55	-10	0	1400,50	2039	672
-8.45	-7.55	-4.14116243155974	0	1400,50	2040	672
-6.45	-5.55	-0.116874912256072	0	1400,50	2042	673
-5.45	-4.55	-0.379053769479152	0	1400,50	2043	673
-3.45	-2.55	-0.314825214095185	0	1400,50	2045	674
-2.45	-1.55	-2.79341569563386	0	1400,50	2046	674
-1.45	-0.55	-0.317282044082549	0	1400,50	2047	674
-0.45	0.45	-2.22834479853994	0	1400,50	2048	674
0.55	1.45	-1.17787449108522	0	1400,50	2049	674
1.55	2.45	-1.55517338200197	0	1400,50	2050	674
2.55	3.45	-0.931489540923768	0	1400,50	2051	674
-44.45	-43.55	-2.61652393654359	0	1450,100	2054	676
-43.45	-42.55	-0.694931910711779	0	1450,100	2055	676
-42.45	-41.55	-0.321844728344799	0	1450,100	2056	676
-41.45	-40.55	-1.14663765267444	0	1450,100	2057	676
-40.45	-39.55	-1.23894426505686	0	1450,100	2058	676
-39.45	-38.55	-0.0480836726098554	0	1450,100	2059	676
-38.45	-37.55	-0.103537835181805	0	1450,100	2060	676
-36.45	-35.55	-2.58669100098273	0	1450,100	2062	677
-35.45	-34.55	-0.999227853432543	0	1450,100	2063	677
-34.45	-33.55	-2.25326407412607	0	1450,100	2064	677
-33.45	-32.55	-0.824090972904675	0	1450,100	2065	677
-32.45	-31.55	-0.821283167204829	0	1450,100	2066	677
-31.45	-30.55	-2.21149796434087	0	1450,100	2067	677
-29.45	-28.55	-0.103537835181805	0	1450,100	2069	678
-28.45	-27.55	-0.723711919135196	0	1450,100	2070	678
-27.45	-26.55	-0.449950863400253	0	1450,100	2071	678
-25.45	-24.55	-1.66432682858346	0	1450,100	2073	679
-24.45	-23.55	-2.7435771444616	0	1450,100	2074	679
-23.45	-22.55	-1.13786325986242	0	1450,100	2075	679
-22.45	-21.55	-0.172680050540503	0	1450,100	2076	679
-21.45	-20.55	-0.164958584865927	0	1450,100	2077	679
-20.45	-19.55	-0.884809771163836	0	1450,100	2078	679
-19.45	-18.55	-1.15506106977397	0	1450,100	2079	679
-18.45	-17.55	-0.378702793766671	0	1450,100	2080	679
-17.45	-16.55	-0.387828162291169	0	1450,100	2081	679
-16.45	-15.55	-0.418012073564509	0	1450,100	2082	679
-15.45	-14.55	-0.0480836726098554	0	1450,100	2083	679
-13.45	-12.55	-1.26632037063035	0	1450,100	2085	680
-11.45	-10.55	-1.590972904675	0	1450,100	2087	681
-10.45	-9.55	-4.28892320651411	0	1450,100	2088	681
-9.45	-8.55	-0.162150779166082	0	1450,100	2089	681
-5.45	-4.55	-0.192334690439422	0	1450,100	2093	684
-2.45	-1.55	-0.0505405025972203	0	1450,100	2096	686
-1.45	-0.55	-1.93387617576864	0	1450,100	2097	686
-0.45	0.45	-1.94405447143058	0	1450,100	2098	686
0.55	1.45	-1.29439842762881	0	1450,100	2099	686
1.55	2.45	-1.38530113716131	0	1450,100	2100	686
2.55	3.45	-1.5744770461884	0	1450,100	2101	686
3.55	4.45	-0.989400533483083	0	1450,100	2102	686
-45.45	-44.55	-1.07749543731574	0	1500,150	2103	686
-44.45	-43.55	-1.29159062192896	0	1500,150	2104	686
-43.45	-42.55	-1.80331321072582	0	1500,150	2105	686
-42.45	-41.55	-0.236557630211989	0	1500,150	2106	686
-41.45	-40.55	-3.44342271514811	0	1500,150	2107	686
-40.45	-39.55	-0.348518882493332	0	1500,150	2108	686
-39.45	-38.55	-1.59799241892461	0	1500,150	2109	686
-38.45	-37.55	-0.732837287659694	0	1500,150	2110	686
-37.45	-36.55	-0.898497823950583	0	1500,150	2111	686
-36.45	-35.55	-1.30843745612804	0	1500,150	2112	686
-35.45	-34.55	-0.390635967991015	0	1500,150	2113	686
-33.45	-32.55	-0.169521269128176	0	1500,150	2115	687
-30.45	-29.55	-0.138986382142356	0	1500,150	2118	689
-29.45	-28.55	-1.0164256633441	0	1500,150	2119	689
-28.45	-27.55	-0.726519724835041	0	1500,150	2120	689
-27.45	-26.55	-0.283588375684403	0	1500,150	2121	689
-24.45	-23.55	-0.449248911975291	0	1500,150	2124	691
-21.45	-20.55	-0.857082689877861	0	1500,150	2127	693
-20.45	-19.55	-0.763372174645515	0	1500,150	2128	693
-19.45	-18.55	-0.0505405025972203	0	1500,150	2129	693
-18.45	-17.55	-0.931489540923768	0	1500,150	2130	693
-14.45	-13.55	-0.425031587814123	0	1500,150	2134	696
-13.45	-12.55	-0.450301839112733	0	1500,150	2135	696
-12.45	-11.55	-0.695984837849221	0	1500,150	2136	696
-4.45	-3.55	-2.3582058121578	0	1500,150	2144	703
-3.45	-2.55	-0.0505405025972203	0	1500,150	2145	703
-2.45	-1.55	-0.695984837849221	0	1500,150	2146	703
-1.45	-0.55	0	0	1500,150	2147	703
-0.45	0.45	-0.384669380878843	0	1500,150	2148	703
0.55	1.45	-0.447494033412888	0	1500,150	2149	703
2.55	3.45	-0.0224624455987646	0	1500,150	2151	704
-45.45	-44.55	-0.0954653937947494	0	1400,0	2154	706
-44.45	-43.55	-0.153376386354064	0	1400,0	2155	706
-43.45	-42.55	-0.137231503579952	0	1400,0	2156	706
-42.45	-41.55	-0.0186017127614769	0	1400,0	2157	706
-40.45	-39.55	-1.99705180401516	0	1400,0	2159	707
-39.45	-38.55	-2.14762038466938	0	1400,0	2160	707
-38.45	-37.55	-1.98862838691563	0	1400,0	2161	707
-37.45	-36.55	-2.7709532500351	0	1400,0	2162	707
-36.45	-35.55	-2.5526463568721	0	1400,0	2163	707
-35.45	-34.55	-1.59588656464973	0	1400,0	2164	707
-34.45	-33.55	-2.88747718657869	0	1400,0	2165	707
-33.45	-32.55	-1.20103888810894	0	1400,0	2166	707
-32.45	-31.55	-1.00800224624456	0	1400,0	2167	707
-31.45	-30.55	-3.9709392110066	0	1400,0	2168	707
-30.45	-29.55	-1.64923487294679	0	1400,0	2169	707
-29.45	-28.55	-1.42601431980907	0	1400,0	2170	707
-28.45	-27.55	-4.11554120454865	0	1400,0	2171	707
-27.45	-26.55	-2.15569282605644	0	1400,0	2172	707
-26.45	-25.55	-3.52625298329356	0	1400,0	2173	707
-25.45	-24.55	-1.8854415274463	0	1400,0	2174	707
-24.45	-23.55	-6.14137301698723	0	1400,0	2175	707
-23.45	-22.55	-0.329917169731855	0	1400,0	2176	707
-22.45	-21.55	-0.834269268566615	0	1400,0	2177	707
-21.45	-20.55	-0.359048153867752	0	1400,0	2178	707
-20.45	-19.55	-0.0856380738452899	0	1400,0	2179	707
-19.45	-18.55	-0.328864242594412	0	1400,0	2180	707
-18.45	-17.55	-6.35757405587533	0	1400,0	2181	707
-17.45	-16.55	-8.33251439000421	0	1400,0	2182	707
-16.45	-15.55	-4.93261266320371	0	1400,0	2183	707
-15.45	-14.55	-6.31229818896532	0	1400,0	2184	707
-14.45	-13.55	-8.23389021479714	0	1400,0	2185	707
-13.45	-12.55	-6.20279376667135	0	1400,0	2186	707
-12.45	-11.55	-6.24420890074407	0	1400,0	2187	707
-11.45	-10.55	-8.09385090551734	0	1400,0	2188	707
-10.45	-9.55	-7.92327670925172	0	1400,0	2189	707
-9.45	-8.55	-10	0	1400,0	2190	707
-8.45	-7.55	-4.14116243155974	0	1400,0	2191	707
-6.45	-5.55	-0.116874912256072	0	1400,0	2193	708
-5.45	-4.55	-0.379053769479152	0	1400,0	2194	708
-3.45	-2.55	-0.314825214095185	0	1400,0	2196	709
-2.45	-1.55	-2.79341569563386	0	1400,0	2197	709
-1.45	-0.55	-0.317282044082549	0	1400,0	2198	709
-0.45	0.45	-2.22834479853994	0	1400,0	2199	709
0.55	1.45	-1.17787449108522	0	1400,0	2200	709
1.55	2.45	-1.55517338200197	0	1400,0	2201	709
2.55	3.45	-0.931489540923768	0	1400,0	2202	709
-45.45	-44.55	-1.07749543731574	0	1500,100	2205	711
-44.45	-43.55	-1.29159062192896	0	1500,100	2206	711
-43.45	-42.55	-1.80331321072582	0	1500,100	2207	711
-42.45	-41.55	-0.236557630211989	0	1500,100	2208	711
-41.45	-40.55	-3.44342271514811	0	1500,100	2209	711
-40.45	-39.55	-0.348518882493332	0	1500,100	2210	711
-39.45	-38.55	-1.59799241892461	0	1500,100	2211	711
-38.45	-37.55	-0.732837287659694	0	1500,100	2212	711
-37.45	-36.55	-0.898497823950583	0	1500,100	2213	711
-36.45	-35.55	-1.30843745612804	0	1500,100	2214	711
-35.45	-34.55	-0.390635967991015	0	1500,100	2215	711
-33.45	-32.55	-0.169521269128176	0	1500,100	2217	712
-30.45	-29.55	-0.138986382142356	0	1500,100	2220	714
-29.45	-28.55	-1.0164256633441	0	1500,100	2221	714
-28.45	-27.55	-0.726519724835041	0	1500,100	2222	714
-27.45	-26.55	-0.283588375684403	0	1500,100	2223	714
-24.45	-23.55	-0.449248911975291	0	1500,100	2226	716
-21.45	-20.55	-0.857082689877861	0	1500,100	2229	718
-20.45	-19.55	-0.763372174645515	0	1500,100	2230	718
-19.45	-18.55	-0.0505405025972203	0	1500,100	2231	718
-18.45	-17.55	-0.931489540923768	0	1500,100	2232	718
-14.45	-13.55	-0.425031587814123	0	1500,100	2236	721
-13.45	-12.55	-0.450301839112733	0	1500,100	2237	721
-12.45	-11.55	-0.695984837849221	0	1500,100	2238	721
-4.45	-3.55	-2.3582058121578	0	1500,100	2246	728
-3.45	-2.55	-0.0505405025972203	0	1500,100	2247	728
-2.45	-1.55	-0.695984837849221	0	1500,100	2248	728
-1.45	-0.55	0	0	1500,100	2249	728
-0.45	0.45	-0.384669380878843	0	1500,100	2250	728
0.55	1.45	-0.447494033412888	0	1500,100	2251	728
2.55	3.45	-0.0224624455987646	0	1500,100	2253	729
-44.45	-43.55	-2.61652393654359	0	1450,50	2256	731
-43.45	-42.55	-0.694931910711779	0	1450,50	2257	731
-42.45	-41.55	-0.321844728344799	0	1450,50	2258	731
-41.45	-40.55	-1.14663765267444	0	1450,50	2259	731
-40.45	-39.55	-1.23894426505686	0	1450,50	2260	731
-39.45	-38.55	-0.0480836726098554	0	1450,50	2261	731
-38.45	-37.55	-0.103537835181805	0	1450,50	2262	731
-36.45	-35.55	-2.58669100098273	0	1450,50	2264	732
-35.45	-34.55	-0.999227853432543	0	1450,50	2265	732
-34.45	-33.55	-2.25326407412607	0	1450,50	2266	732
-33.45	-32.55	-0.824090972904675	0	1450,50	2267	732
-32.45	-31.55	-0.821283167204829	0	1450,50	2268	732
-31.45	-30.55	-2.21149796434087	0	1450,50	2269	732
-29.45	-28.55	-0.103537835181805	0	1450,50	2271	733
-28.45	-27.55	-0.723711919135196	0	1450,50	2272	733
-27.45	-26.55	-0.449950863400253	0	1450,50	2273	733
-25.45	-24.55	-1.66432682858346	0	1450,50	2275	734
-24.45	-23.55	-2.7435771444616	0	1450,50	2276	734
-23.45	-22.55	-1.13786325986242	0	1450,50	2277	734
-22.45	-21.55	-0.172680050540503	0	1450,50	2278	734
-21.45	-20.55	-0.164958584865927	0	1450,50	2279	734
-20.45	-19.55	-0.884809771163836	0	1450,50	2280	734
-19.45	-18.55	-1.15506106977397	0	1450,50	2281	734
-18.45	-17.55	-0.378702793766671	0	1450,50	2282	734
-17.45	-16.55	-0.387828162291169	0	1450,50	2283	734
-16.45	-15.55	-0.418012073564509	0	1450,50	2284	734
-15.45	-14.55	-0.0480836726098554	0	1450,50	2285	734
-13.45	-12.55	-1.26632037063035	0	1450,50	2287	735
-11.45	-10.55	-1.590972904675	0	1450,50	2289	736
-10.45	-9.55	-4.28892320651411	0	1450,50	2290	736
-9.45	-8.55	-0.162150779166082	0	1450,50	2291	736
-5.45	-4.55	-0.192334690439422	0	1450,50	2295	739
-2.45	-1.55	-0.0505405025972203	0	1450,50	2298	741
-1.45	-0.55	-1.93387617576864	0	1450,50	2299	741
-0.45	0.45	-1.94405447143058	0	1450,50	2300	741
0.55	1.45	-1.29439842762881	0	1450,50	2301	741
1.55	2.45	-1.38530113716131	0	1450,50	2302	741
2.55	3.45	-1.5744770461884	0	1450,50	2303	741
3.55	4.45	-0.989400533483083	0	1450,50	2304	741
-44.45	-43.55	-2.61652393654359	0	1450,0	2305	741
-43.45	-42.55	-0.694931910711779	0	1450,0	2306	741
-42.45	-41.55	-0.321844728344799	0	1450,0	2307	741
-41.45	-40.55	-1.14663765267444	0	1450,0	2308	741
-40.45	-39.55	-1.23894426505686	0	1450,0	2309	741
-39.45	-38.55	-0.0480836726098554	0	1450,0	2310	741
-38.45	-37.55	-0.103537835181805	0	1450,0	2311	741
-36.45	-35.55	-2.58669100098273	0	1450,0	2313	742
-35.45	-34.55	-0.999227853432543	0	1450,0	2314	742
-34.45	-33.55	-2.25326407412607	0	1450,0	2315	742
-33.45	-32.55	-0.824090972904675	0	1450,0	2316	742
-32.45	-31.55	-0.821283167204829	0	1450,0	2317	742
-31.45	-30.55	-2.21149796434087	0	1450,0	2318	742
-29.45	-28.55	-0.103537835181805	0	1450,0	2320	743
-28.45	-27.55	-0.723711919135196	0	1450,0	2321	743
-27.45	-26.55	-0.449950863400253	0	1450,0	2322	743
-25.45	-24.55	-1.66432682858346	0	1450,0	2324	744
-24.45	-23.55	-2.7435771444616	0	1450,0	2325	744
-23.45	-22.55	-1.13786325986242	0	1450,0	2326	744
-22.45	-21.55	-0.172680050540503	0	1450,0	2327	744
-21.45	-20.55	-0.164958584865927	0	1450,0	2328	744
-20.45	-19.55	-0.884809771163836	0	1450,0	2329	744
-19.45	-18.55	-1.15506106977397	0	1450,0	2330	744
-18.45	-17.55	-0.378702793766671	0	1450,0	2331	744
-17.45	-16.55	-0.387828162291169	0	1450,0	2332	744
-16.45	-15.55	-0.418012073564509	0	1450,0	2333	744
-15.45	-14.55	-0.0480836726098554	0	1450,0	2334	744
-13.45	-12.55	-1.26632037063035	0	1450,0	2336	745
-11.45	-10.55	-1.590972904675	0	1450,0	2338	746
-10.45	-9.55	-4.28892320651411	0	1450,0	2339	746
-9.45	-8.55	-0.162150779166082	0	1450,0	2340	746
-5.45	-4.55	-0.192334690439422	0	1450,0	2344	749
-2.45	-1.55	-0.0505405025972203	0	1450,0	2347	751
-1.45	-0.55	-1.93387617576864	0	1450,0	2348	751
-0.45	0.45	-1.94405447143058	0	1450,0	2349	751
0.55	1.45	-1.29439842762881	0	1450,0	2350	751
1.55	2.45	-1.38530113716131	0	1450,0	2351	751
2.55	3.45	-1.5744770461884	0	1450,0	2352	751
3.55	4.45	-0.989400533483083	0	1450,0	2353	751
-45.45	-44.55	-1.07749543731574	0	1500,50	2354	751
-44.45	-43.55	-1.29159062192896	0	1500,50	2355	751
-43.45	-42.55	-1.80331321072582	0	1500,50	2356	751
-42.45	-41.55	-0.236557630211989	0	1500,50	2357	751
-41.45	-40.55	-3.44342271514811	0	1500,50	2358	751
-40.45	-39.55	-0.348518882493332	0	1500,50	2359	751
-39.45	-38.55	-1.59799241892461	0	1500,50	2360	751
-38.45	-37.55	-0.732837287659694	0	1500,50	2361	751
-37.45	-36.55	-0.898497823950583	0	1500,50	2362	751
-36.45	-35.55	-1.30843745612804	0	1500,50	2363	751
-35.45	-34.55	-0.390635967991015	0	1500,50	2364	751
-33.45	-32.55	-0.169521269128176	0	1500,50	2366	752
-30.45	-29.55	-0.138986382142356	0	1500,50	2369	754
-29.45	-28.55	-1.0164256633441	0	1500,50	2370	754
-28.45	-27.55	-0.726519724835041	0	1500,50	2371	754
-27.45	-26.55	-0.283588375684403	0	1500,50	2372	754
-24.45	-23.55	-0.449248911975291	0	1500,50	2375	756
-21.45	-20.55	-0.857082689877861	0	1500,50	2378	758
-20.45	-19.55	-0.763372174645515	0	1500,50	2379	758
-19.45	-18.55	-0.0505405025972203	0	1500,50	2380	758
-18.45	-17.55	-0.931489540923768	0	1500,50	2381	758
-14.45	-13.55	-0.425031587814123	0	1500,50	2385	761
-13.45	-12.55	-0.450301839112733	0	1500,50	2386	761
-12.45	-11.55	-0.695984837849221	0	1500,50	2387	761
-4.45	-3.55	-2.3582058121578	0	1500,50	2395	768
-3.45	-2.55	-0.0505405025972203	0	1500,50	2396	768
-2.45	-1.55	-0.695984837849221	0	1500,50	2397	768
-1.45	-0.55	0	0	1500,50	2398	768
-0.45	0.45	-0.384669380878843	0	1500,50	2399	768
0.55	1.45	-0.447494033412888	0	1500,50	2400	768
2.55	3.45	-0.0224624455987646	0	1500,50	2402	769
-42.45	-41.55	-0.103888810894286	0	1550,100	2407	773
-41.45	-40.55	-0.0382563526603959	0	1550,100	2408	773
-40.45	-39.55	-0.0207075670363611	0	1550,100	2409	773
-39.45	-38.55	-0.350975712480696	0	1550,100	2410	773
-38.45	-37.55	-1.57552997332585	0	1550,100	2411	773
-37.45	-36.55	-1.42285553839674	0	1550,100	2412	773
-33.45	-32.55	-0.634564088165099	0	1550,100	2416	776
-32.45	-31.55	-0.0593148954092377	0	1550,100	2417	776
-30.45	-29.55	-0.197599326126632	0	1550,100	2419	777
-29.45	-28.55	-0.341148392531237	0	1550,100	2420	777
-28.45	-27.55	-0.397655482240629	0	1550,100	2421	777
-27.45	-26.55	-1.06977397164116	0	1550,100	2422	777
-25.45	-24.55	-0.726870700547522	0	1550,100	2424	778
-24.45	-23.55	-0.522953811596238	0	1550,100	2425	778
-23.45	-22.55	-0.108100519444054	0	1550,100	2426	778
-19.45	-18.55	-0.0793205110206374	0	1550,100	2430	781
-18.45	-17.55	-0.384669380878843	0	1550,100	2431	781
-17.45	-16.55	-1.38775796714867	0	1550,100	2432	781
-16.45	-15.55	-0.107047592306612	0	1550,100	2433	781
-13.45	-12.55	-2.35890776358276	0	1550,100	2436	783
-12.45	-11.55	-1.03292152183069	0	1550,100	2437	783
-11.45	-10.55	-2.57545977818335	0	1550,100	2438	783
-10.45	-9.55	-1.39723431138565	0	1550,100	2439	783
-9.45	-8.55	-1.12382423136319	0	1550,100	2440	783
-8.45	-7.55	-0.153727362066545	0	1550,100	2441	783
-7.45	-6.55	-1.0508212831672	0	1550,100	2442	783
-6.45	-5.55	-2.69654639898919	0	1550,100	2443	783
-5.45	-4.55	-0.0487856240348168	0	1550,100	2444	783
-4.45	-3.55	-0.201109083251439	0	1550,100	2445	783
-2.45	-1.55	-1.26561841920539	0	1550,100	2447	784
-1.45	-0.55	-0.638073845289906	0	1550,100	2448	784
-45.45	-44.55	-1.07749543731574	0	1500,0	2454	789
-44.45	-43.55	-1.29159062192896	0	1500,0	2455	789
-43.45	-42.55	-1.80331321072582	0	1500,0	2456	789
-42.45	-41.55	-0.236557630211989	0	1500,0	2457	789
-41.45	-40.55	-3.44342271514811	0	1500,0	2458	789
-40.45	-39.55	-0.348518882493332	0	1500,0	2459	789
-39.45	-38.55	-1.59799241892461	0	1500,0	2460	789
-38.45	-37.55	-0.732837287659694	0	1500,0	2461	789
-37.45	-36.55	-0.898497823950583	0	1500,0	2462	789
-36.45	-35.55	-1.30843745612804	0	1500,0	2463	789
-35.45	-34.55	-0.390635967991015	0	1500,0	2464	789
-33.45	-32.55	-0.169521269128176	0	1500,0	2466	790
-30.45	-29.55	-0.138986382142356	0	1500,0	2469	792
-29.45	-28.55	-1.0164256633441	0	1500,0	2470	792
-28.45	-27.55	-0.726519724835041	0	1500,0	2471	792
-27.45	-26.55	-0.283588375684403	0	1500,0	2472	792
-24.45	-23.55	-0.449248911975291	0	1500,0	2475	794
-21.45	-20.55	-0.857082689877861	0	1500,0	2478	796
-20.45	-19.55	-0.763372174645515	0	1500,0	2479	796
-19.45	-18.55	-0.0505405025972203	0	1500,0	2480	796
-18.45	-17.55	-0.931489540923768	0	1500,0	2481	796
-14.45	-13.55	-0.425031587814123	0	1500,0	2485	799
-13.45	-12.55	-0.450301839112733	0	1500,0	2486	799
-12.45	-11.55	-0.695984837849221	0	1500,0	2487	799
-4.45	-3.55	-2.3582058121578	0	1500,0	2495	806
-3.45	-2.55	-0.0505405025972203	0	1500,0	2496	806
-2.45	-1.55	-0.695984837849221	0	1500,0	2497	806
-1.45	-0.55	0	0	1500,0	2498	806
-0.45	0.45	-0.384669380878843	0	1500,0	2499	806
0.55	1.45	-0.447494033412888	0	1500,0	2500	806
2.55	3.45	-0.0224624455987646	0	1500,0	2502	807
-42.45	-41.55	-0.103888810894286	0	1550,50	2507	811
-41.45	-40.55	-0.0382563526603959	0	1550,50	2508	811
-40.45	-39.55	-0.0207075670363611	0	1550,50	2509	811
-39.45	-38.55	-0.350975712480696	0	1550,50	2510	811
-38.45	-37.55	-1.57552997332585	0	1550,50	2511	811
-37.45	-36.55	-1.42285553839674	0	1550,50	2512	811
-33.45	-32.55	-0.634564088165099	0	1550,50	2516	814
-32.45	-31.55	-0.0593148954092377	0	1550,50	2517	814
-30.45	-29.55	-0.197599326126632	0	1550,50	2519	815
-29.45	-28.55	-0.341148392531237	0	1550,50	2520	815
-28.45	-27.55	-0.397655482240629	0	1550,50	2521	815
-27.45	-26.55	-1.06977397164116	0	1550,50	2522	815
-25.45	-24.55	-0.726870700547522	0	1550,50	2524	816
-24.45	-23.55	-0.522953811596238	0	1550,50	2525	816
-23.45	-22.55	-0.108100519444054	0	1550,50	2526	816
-19.45	-18.55	-0.0793205110206374	0	1550,50	2530	819
-18.45	-17.55	-0.384669380878843	0	1550,50	2531	819
-17.45	-16.55	-1.38775796714867	0	1550,50	2532	819
-16.45	-15.55	-0.107047592306612	0	1550,50	2533	819
-13.45	-12.55	-2.35890776358276	0	1550,50	2536	821
-12.45	-11.55	-1.03292152183069	0	1550,50	2537	821
-11.45	-10.55	-2.57545977818335	0	1550,50	2538	821
-10.45	-9.55	-1.39723431138565	0	1550,50	2539	821
-9.45	-8.55	-1.12382423136319	0	1550,50	2540	821
-8.45	-7.55	-0.153727362066545	0	1550,50	2541	821
-7.45	-6.55	-1.0508212831672	0	1550,50	2542	821
-6.45	-5.55	-2.69654639898919	0	1550,50	2543	821
-5.45	-4.55	-0.0487856240348168	0	1550,50	2544	821
-4.45	-3.55	-0.201109083251439	0	1550,50	2545	821
-2.45	-1.55	-1.26561841920539	0	1550,50	2547	822
-1.45	-0.55	-0.638073845289906	0	1550,50	2548	822
-42.45	-41.55	-0.103888810894286	0	1550,0	2556	829
-41.45	-40.55	-0.0382563526603959	0	1550,0	2557	829
-40.45	-39.55	-0.0207075670363611	0	1550,0	2558	829
-39.45	-38.55	-0.350975712480696	0	1550,0	2559	829
-38.45	-37.55	-1.57552997332585	0	1550,0	2560	829
-37.45	-36.55	-1.42285553839674	0	1550,0	2561	829
-33.45	-32.55	-0.634564088165099	0	1550,0	2565	832
-32.45	-31.55	-0.0593148954092377	0	1550,0	2566	832
-30.45	-29.55	-0.197599326126632	0	1550,0	2568	833
-29.45	-28.55	-0.341148392531237	0	1550,0	2569	833
-28.45	-27.55	-0.397655482240629	0	1550,0	2570	833
-27.45	-26.55	-1.06977397164116	0	1550,0	2571	833
-25.45	-24.55	-0.726870700547522	0	1550,0	2573	834
-24.45	-23.55	-0.522953811596238	0	1550,0	2574	834
-23.45	-22.55	-0.108100519444054	0	1550,0	2575	834
-19.45	-18.55	-0.0793205110206374	0	1550,0	2579	837
-18.45	-17.55	-0.384669380878843	0	1550,0	2580	837
-17.45	-16.55	-1.38775796714867	0	1550,0	2581	837
-16.45	-15.55	-0.107047592306612	0	1550,0	2582	837
-13.45	-12.55	-2.35890776358276	0	1550,0	2585	839
-12.45	-11.55	-1.03292152183069	0	1550,0	2586	839
-11.45	-10.55	-2.57545977818335	0	1550,0	2587	839
-10.45	-9.55	-1.39723431138565	0	1550,0	2588	839
-9.45	-8.55	-1.12382423136319	0	1550,0	2589	839
-8.45	-7.55	-0.153727362066545	0	1550,0	2590	839
-7.45	-6.55	-1.0508212831672	0	1550,0	2591	839
-6.45	-5.55	-2.69654639898919	0	1550,0	2592	839
-5.45	-4.55	-0.0487856240348168	0	1550,0	2593	839
-4.45	-3.55	-0.201109083251439	0	1550,0	2594	839
-2.45	-1.55	-1.26561841920539	0	1550,0	2596	840
-1.45	-0.55	-0.638073845289906	0	1550,0	2597	840
-41.45	-40.55	-0.378702793766671	0	1600,50	2607	849
-40.45	-39.55	-1.62326267022322	0	1600,50	2608	849
-39.45	-38.55	-0.643689456689597	0	1600,50	2609	849
-35.45	-34.55	-1.30562965042819	0	1600,50	2613	852
-34.45	-33.55	-0.421521830689316	0	1600,50	2614	852
-32.45	-31.55	-2.0654920679489	0	1600,50	2616	853
-31.45	-30.55	-1.52744630071599	0	1600,50	2617	853
-30.45	-29.55	-1.87701811034676	0	1600,50	2618	853
-29.45	-28.55	-3.28197388740699	0	1600,50	2619	853
-28.45	-27.55	-2.66952126912818	0	1600,50	2620	853
-27.45	-26.55	-0.665800926575881	0	1600,50	2621	853
-26.45	-25.55	-0.552786747157097	0	1600,50	2622	853
-25.45	-24.55	-0.0424680612101643	0	1600,50	2623	853
-24.45	-23.55	-0.805138284430717	0	1600,50	2624	853
-23.45	-22.55	-0.571037484206093	0	1600,50	2625	853
-21.45	-20.55	-1.7927839393514	0	1600,50	2627	854
-20.45	-19.55	-0.312017408395339	0	1600,50	2628	854
-19.45	-18.55	-0.0382563526603959	0	1600,50	2629	854
-18.45	-17.55	-0.202863961813843	0	1600,50	2630	854
-17.45	-16.55	-0.0884458795451355	0	1600,50	2631	854
-16.45	-15.55	-1.75101782956619	0	1600,50	2632	854
-15.45	-14.55	-3.51782956619402	0	1600,50	2633	854
-13.45	-12.55	-0.436964762038467	0	1600,50	2635	855
-12.45	-11.55	-3.98287238523094	0	1600,50	2636	855
-11.45	-10.55	-0.202512986101362	0	1600,50	2637	855
-10.45	-9.55	-2.67338200196546	0	1600,50	2638	855
-9.45	-8.55	-2.55369928400955	0	1600,50	2639	855
-8.45	-7.55	-0.645444335252001	0	1600,50	2640	855
-7.45	-6.55	-0.100379053769479	0	1600,50	2641	855
-6.45	-5.55	-1.27544573915485	0	1600,50	2642	855
-4.45	-3.55	-1.10381861575179	0	1600,50	2644	856
-3.45	-2.55	-0.00737048996209462	0	1600,50	2645	856
-2.45	-1.55	-1.60711778744911	0	1600,50	2646	856
-1.45	-0.55	-1.74821002386635	0	1600,50	2647	856
-0.45	0.45	-1.42215358697178	0	1600,50	2648	856
0.55	1.45	-0.0505405025972203	0	1600,50	2649	856
-41.45	-40.55	-0.378702793766671	0	1600,0	2658	864
-40.45	-39.55	-1.62326267022322	0	1600,0	2659	864
-39.45	-38.55	-0.643689456689597	0	1600,0	2660	864
-35.45	-34.55	-1.30562965042819	0	1600,0	2664	867
-34.45	-33.55	-0.421521830689316	0	1600,0	2665	867
-32.45	-31.55	-2.0654920679489	0	1600,0	2667	868
-31.45	-30.55	-1.52744630071599	0	1600,0	2668	868
-30.45	-29.55	-1.87701811034676	0	1600,0	2669	868
-29.45	-28.55	-3.28197388740699	0	1600,0	2670	868
-28.45	-27.55	-2.66952126912818	0	1600,0	2671	868
-27.45	-26.55	-0.665800926575881	0	1600,0	2672	868
-26.45	-25.55	-0.552786747157097	0	1600,0	2673	868
-25.45	-24.55	-0.0424680612101643	0	1600,0	2674	868
-24.45	-23.55	-0.805138284430717	0	1600,0	2675	868
-23.45	-22.55	-0.571037484206093	0	1600,0	2676	868
-21.45	-20.55	-1.7927839393514	0	1600,0	2678	869
-20.45	-19.55	-0.312017408395339	0	1600,0	2679	869
-19.45	-18.55	-0.0382563526603959	0	1600,0	2680	869
-18.45	-17.55	-0.202863961813843	0	1600,0	2681	869
-17.45	-16.55	-0.0884458795451355	0	1600,0	2682	869
-16.45	-15.55	-1.75101782956619	0	1600,0	2683	869
-15.45	-14.55	-3.51782956619402	0	1600,0	2684	869
-13.45	-12.55	-0.436964762038467	0	1600,0	2686	870
-12.45	-11.55	-3.98287238523094	0	1600,0	2687	870
-11.45	-10.55	-0.202512986101362	0	1600,0	2688	870
-10.45	-9.55	-2.67338200196546	0	1600,0	2689	870
-9.45	-8.55	-2.55369928400955	0	1600,0	2690	870
-8.45	-7.55	-0.645444335252001	0	1600,0	2691	870
-7.45	-6.55	-0.100379053769479	0	1600,0	2692	870
-6.45	-5.55	-1.27544573915485	0	1600,0	2693	870
-4.45	-3.55	-1.10381861575179	0	1600,0	2695	871
-3.45	-2.55	-0.00737048996209462	0	1600,0	2696	871
-2.45	-1.55	-1.60711778744911	0	1600,0	2697	871
-1.45	-0.55	-1.74821002386635	0	1600,0	2698	871
-0.45	0.45	-1.42215358697178	0	1600,0	2699	871
0.55	1.45	-0.0505405025972203	0	1600,0	2700	871
-39.45	-38.55	-0.0263231784360522	0	1650,0	2710	880
-38.45	-37.55	-0.0108802470869016	0	1650,0	2711	880
-35.45	-34.55	-0.0761617296083111	0	1650,0	2714	882
-34.45	-33.55	-0.214446160325705	0	1650,0	2715	882
-33.45	-32.55	-0.16144882774112	0	1650,0	2716	882
-32.45	-31.55	-2.97557209041134	0	1650,0	2717	882
-31.45	-30.55	-3.7073564509336	0	1650,0	2718	882
-30.45	-29.55	-6.97529130984136	0	1650,0	2719	882
-29.45	-28.55	-5.12564930506809	0	1650,0	2720	882
-28.45	-27.55	-7.3964621648182	0	1650,0	2721	882
-27.45	-26.55	-1.87912396462165	0	1650,0	2722	882
-26.45	-25.55	-2.53439561982311	0	1650,0	2723	882
-25.45	-24.55	-4.57672329074828	0	1650,0	2724	882
-24.45	-23.55	-4.44089569001825	0	1650,0	2725	882
-23.45	-22.55	-3.52625298329356	0	1650,0	2726	882
-22.45	-21.55	-2.74392812017408	0	1650,0	2727	882
-21.45	-20.55	-1.38249333146146	0	1650,0	2728	882
-16.45	-15.55	-1.23648743506949	0	1650,0	2733	886
-15.45	-14.55	-1.48146848238102	0	1650,0	2734	886
-14.45	-13.55	-0.349922785343254	0	1650,0	2735	886
