x	y	showSelected1
3.50852971897129	2.58496250072116	1
2.37106786227174	1	2
3.00259798071991	1	3
2.46089784275655	1	4
2.99782308074573	0	5
3.2692793897719	1.58496250072116	6
3.08206693428511	1.58496250072116	7
2.51851393987789	1	8
3.78182715293243	2.58496250072116	9
2.43616264704076	0	10
3.37199091146492	1.58496250072116	11
2.38021124171161	1	12
3.20330491613848	2	13
2.89153745767256	2	14
1.30102999566398	0	15
2.03342375548695	0	16
3.76365257056453	2.58496250072116	17
1.36172783601759	0	18
1.14612803567824	0	19
4.14370162942477	3.8073549220576	20
1.17609125905568	0	21
2.89153745767256	1	22
3.43184604569873	1.58496250072116	23
3.60777660374169	2	24
1.61278385671974	1	25
1.95904139232109	1	26
3.01157044359728	1	27
1.53147891704226	0	28
3.63958608667343	2.32192809488736	29
3.38934331125208	1.58496250072116	30
1.46239799789896	0	31
3.23552844690755	2	32
3.33102217104183	1	33
2.04921802267018	1	34
2.72098574415374	1	35
3.84129688749028	3.16992500144231	36
2.93651374247889	1	37
2.90471554527868	1	38
2.88649072517248	1	39
3.74303915480493	2.32192809488736	40
2.02530586526477	0	41
0.602059991327962	0	42
0.903089986991944	0	43
3.09933527768596	1	44
3.29972515397564	1	45
1.25527250510331	0	46
2.76117581315573	1	47
2.19589965240923	1	48
2.64246452024212	1	49
1.50514997831991	0	50
1.67209785793572	0	51
2.4996870826184	1	52
2.0899051114394	0	53
1.74036268949424	0	54
1.90848501887865	0	55
3.02694162795903	2	56
3.49872397074791	2.58496250072116	57
2.82801506422398	1	58
2.20411998265593	0	59
2.69108149212297	0	60
1.7160033436348	0	61
2.89097959698969	2	62
0.301029995663981	0	63
1.9731278535997	1	64
3.182129214053	2	65
1.66275783168157	0	66
1.17609125905568	0	67
2.55630250076729	0	68
1.7481880270062	0	69
3.51995918075207	2.58496250072116	70
3.00043407747932	2	71
2.18752072083646	1	72
1.67209785793572	0	73
1.25527250510331	0	74
1.57978359661681	0	75
2.52762990087134	1	76
1.9731278535997	0	77
3.2137832993353	2	78
3.19645254170339	2	79
1.07918124604762	0	80
2.92788341033071	1	81
2.10720996964787	0	82
2.90417436828416	1	83
1.04139268515822	0	84
1.70757017609794	0	85
0.954242509439325	0	86
2.88536122003151	2	87
3.45163294745699	1.58496250072116	88
2.15836249209525	0	89
1.43136376415899	0	90
2.02530586526477	0	91
2.55870857053317	2	92
2.97081161087252	1	93
1.63346845557959	2	94
2.99913054128737	1.58496250072116	95
1.57978359661681	2	96
2.05690485133647	0	97
1	0	98
2.03742649794062	1	99
1.27875360095283	0	100
1.60205999132796	0	101
1.79239168949825	0	102
2.64048143697042	1	103
2.01283722470517	0	104
2.45331834004704	1	105
1.46239799789896	0	106
0.778151250383644	0	107
1.61278385671974	1	108
2.18184358794477	0	109
0.778151250383644	0	110
2.568201724067	0	111
3.13449585583467	1.58496250072116	112
2.04921802267018	1	113
2.34635297445064	1	114
1.74036268949424	1	115
1.44715803134222	1	116
2.11058971029925	0	117
3.73367865567709	2.8073549220576	118
2.68214507637383	1	119
2.44715803134222	0	120
1.90848501887865	1	121
2.53019969820308	1	122
1.44715803134222	1.58496250072116	123
1.17609125905568	0	124
2.80685802951882	1	125
0.903089986991944	0	126
2.22010808804006	1.58496250072116	127
1.96378782734556	0	128
1.86332286012046	1	129
1.7160033436348	0	130
1.47712125471966	0	131
2.2148438480477	0	132
1.67209785793572	0	133
1.81954393554187	1	134
1.60205999132796	0	135
2.11394335230684	1	136
2.83569057149243	2	137
1.27875360095283	0	138
1.92427928606188	0	139
1.77815125038364	1	140
3.06744284277638	2	141
2.27646180417324	0	142
2.71264970162721	2	143
2.54654266347813	1	144
1.49136169383427	0	145
3.53122337453303	2	146
2.38381536598043	0	147
2.03342375548695	1	148
2.22271647114758	1	149
1.5910646070265	0	150
2.00860017176192	1	151
2.61172330800734	0	152
1.47712125471966	0	153
2.40140054078154	1	154
2.8055008581584	1.58496250072116	155
2.66086547800387	1	156
1.86923171973098	1	157
3.17724783625562	2	158
1	0	159
1.44715803134222	0	160
1.04139268515822	0	161
3.04375512696868	0	162
3.17260293120986	1	163
0.602059991327962	0	164
2.07188200730613	0	165
1.73239375982297	0	166
1.54406804435028	0	167
1.79934054945358	1	168
1.83250891270624	1.58496250072116	169
2.83884909073726	2	170
2.25042000230889	0	171
1.7481880270062	1	172
0.698970004336019	0	173
2.04532297878666	1	174
1.20411998265592	1	175
1.17609125905568	0	176
0.602059991327962	0	177
1.7481880270062	1	178
0.698970004336019	0	179
1.6232492903979	0	180
3.29666519026153	2.32192809488736	181
1.36172783601759	0	182
1.66275783168157	0	183
2.34635297445064	1	184
1.9731278535997	0	185
3.43136376415899	2.8073549220576	186
2.20139712432045	0	187
1.49136169383427	0	188
2.8228216453031	2	189
2.83442070368153	2	190
2.57863920996807	1	191
1	0	192
1.57978359661681	0	193
1.568201724067	0	194
1.5910646070265	0	195
1.83250891270624	0	196
1.51851393987789	0	197
0.903089986991944	1	198
2.54032947479087	1.58496250072116	199
1.76342799356294	0	200
2.06818586174616	0	201
1.04139268515822	0	202
1.11394335230684	0	203
2.13353890837022	0	204
0.778151250383644	0	205
1.30102999566398	0	206
1.04139268515822	0	207
1.30102999566398	0	208
1.96848294855394	0	209
2.81224469680037	0	210
0.778151250383644	0	211
1.07918124604762	0	212
2.8481891169914	0	213
1.80617997398389	0	214
1.84509804001426	0	215
1.95904139232109	0	216
1.79934054945358	0	217
3.65619406217919	2.32192809488736	218
0.698970004336019	0	219
2.58433122436753	1	220
2.07188200730613	0	221
1.32221929473392	0	222
1.39794000867204	0	223
1.60205999132796	0	224
1.50514997831991	0	225
0.954242509439325	0	226
1.7481880270062	0	227
2.71767050300226	1	228
1.95904139232109	0	229
0.698970004336019	0	230
0.778151250383644	0	231
1.14612803567824	0	232
0.477121254719662	0	233
2.568201724067	1.58496250072116	234
0.301029995663981	0	235
1.47712125471966	0	236
1.94448267215017	0	237
1.86923171973098	0	238
1.07918124604762	0	239
2.81756536955978	1	240
1.47712125471966	0	241
1.60205999132796	0	242
1.14612803567824	0	243
1.07918124604762	0	244
2.13033376849501	0	245
2.26717172840301	1	246
1.79239168949825	0	247
2.80140371001736	0	248
2.39445168082622	0	249
1.17609125905568	0	250
2.3747483460101	1	251
1.69897000433602	0	252
1.46239799789896	0	253
2.04139268515823	1	254
2.13353890837022	0	255
2.28103336724773	0	256
0.778151250383644	1	257
1.46239799789896	0	258
1.65321251377534	0	259
1	0	260
2.71180722904119	2	261
1.25527250510331	1	262
1.30102999566398	0	263
1.11394335230684	0	264
3.02036128264771	2	265
1.23044892137827	0	266
1.73239375982297	1	267
2.75434833571102	0	268
1.78532983501077	0	269
1.53147891704226	0	270
2.02118929906994	1	271
0.778151250383644	0	272
2.34635297445064	1	273
1.57978359661681	0	274
2.62013605497376	0	275
0.477121254719662	0	276
0.954242509439325	0	277
1.25527250510331	0	278
1.50514997831991	1	279
2.30535136944662	1	280
1.04139268515822	0	281
1.89209460269048	2	282
2.01283722470517	0	283
0.845098040014257	0	284
1.83884909073726	1	285
2.21748394421391	0	286
1.95424250943932	1	287
1.79934054945358	1	288
1.07918124604762	0	289
0.954242509439325	0	290
1.68124123737559	0	291
1.38021124171161	0	292
2.54777470538782	2	293
1.04139268515822	0	294
2.14612803567824	0	295
0.954242509439325	0	296
1.38021124171161	0	297
1.20411998265592	0	298
1.90848501887865	1	299
1.53147891704226	0	300
1.90848501887865	0	301
1.17609125905568	0	302
1.36172783601759	0	303
1.23044892137827	0	304
1.51851393987789	0	305
1.11394335230684	1	306
1.20411998265592	0	307
0.903089986991944	1	308
1.66275783168157	0	309
2.06818586174616	2	310
0.602059991327962	0	311
0.477121254719662	0	312
2.42488163663107	0	313
1.95424250943932	1	314
1.54406804435028	1	315
2.40654018043396	0	316
2.38916608436453	1.58496250072116	317
2.17318626841227	1	318
0.602059991327962	0	319
1.68124123737559	0	320
1.86923171973098	0	321
0.903089986991944	1	322
0.845098040014257	0	323
1.64345267648619	0	324
0.778151250383644	0	325
1.68124123737559	1	326
2.62531245096167	1.58496250072116	327
1.68124123737559	1	328
0.602059991327962	0	329
1.14612803567824	0	330
2.12710479836481	1	331
1.11394335230684	0	332
1.39794000867204	1	333
1.41497334797082	0	334
1.47712125471966	0	335
1.54406804435028	0	336
1.32221929473392	0	337
1.43136376415899	1	338
0.602059991327962	0	339
1.46239799789896	0	340
2.1430148002541	0	341
1.67209785793572	1	342
1.69897000433602	0	343
0.903089986991944	0	344
3.11727129565576	2	345
1.93951925261862	0	346
2.12057393120585	1	347
2.17609125905568	1	348
2.13987908640124	0	349
0.698970004336019	0	350
1.17609125905568	0	351
2.67669360962487	1	352
1.11394335230684	0	353
1.77815125038364	0	354
1.17609125905568	0	355
1.92941892571429	1	356
1.43136376415899	0	357
3.01828430842653	2	358
1.51851393987789	0	359
1.20411998265592	0	360
0.954242509439325	0	361
2.4345689040342	2	362
1.47712125471966	0	363
1.54406804435028	0	364
1.14612803567824	0	365
0.903089986991944	0	366
1	0	367
1	0	368
2.01283722470517	0	369
1.50514997831991	0	370
1.75587485567249	0	371
2.07918124604762	1	372
1.51851393987789	0	373
1.04139268515822	0	374
1.43136376415899	0	375
1.36172783601759	1	376
1.20411998265592	0	377
2.59328606702046	0	378
2.04921802267018	1	379
1.17609125905568	0	380
1.80617997398389	0	381
1.47712125471966	0	382
1.69897000433602	1	383
1.93951925261862	0	384
1.96848294855394	0	385
0.778151250383644	1	386
1.50514997831991	0	387
0.845098040014257	0	388
1.73239375982297	2	389
1.9912260756925	1	390
1.17609125905568	0	391
1.85733249643127	0	392
0.301029995663981	0	393
1.20411998265592	0	394
1.07918124604762	0	395
1.65321251377534	0	396
1.95904139232109	1	397
0.477121254719662	0	398
2.42324587393681	0	399
1.78532983501077	1	400
0.602059991327962	0	401
1.07918124604762	0	402
1.23044892137827	0	403
1	1	404
1.34242268082221	0	405
0.845098040014257	0	406
0.698970004336019	0	407
2.17609125905568	0	408
0.903089986991944	0	409
1.25527250510331	0	410
1.11394335230684	0	411
1	1	412
0.698970004336019	0	413
0.602059991327962	0	414
1.20411998265592	0	415
1.92427928606188	0	416
1.98227123303957	0	417
0.903089986991944	0	418
1.36172783601759	0	419
1.11394335230684	0	420
0.954242509439325	1	421
2.27415784926368	0	422
1.07918124604762	0	423
0.845098040014257	0	424
1.64345267648619	0	425
0.477121254719662	0	426
0.602059991327962	0	427
2.28103336724773	0	428
1.39794000867204	0	429
0.477121254719662	0	430
1.11394335230684	0	431
1.20411998265592	1	432
0.698970004336019	0	433
1.38021124171161	0	434
1.34242268082221	1	435
1.11394335230684	0	436
2.20682587603185	0	437
0.602059991327962	0	438
0.477121254719662	0	439
0.602059991327962	0	440
0.602059991327962	0	441
1.38021124171161	1	442
1.17609125905568	0	443
0.477121254719662	0	444
0.477121254719662	0	445
0.602059991327962	0	446
0.954242509439325	0	447
1.50514997831991	1	448
1.77085201164214	0	449
2.03742649794062	0	450
1.568201724067	0	451
1.41497334797082	0	452
0.477121254719662	0	453
0.602059991327962	0	454
2.13987908640124	1	455
1.34242268082221	0	456
1.5910646070265	1	457
1.36172783601759	0	458
2.04139268515823	1	459
2.29003461136252	0	460
1.04139268515822	0	461
0.602059991327962	1	462
1.34242268082221	0	463
1.76342799356294	0	464
2.79934054945358	0	465
1.23044892137827	0	466
1.36172783601759	1	467
2.16136800223497	1	468
2.46089784275655	1.58496250072116	469
2.32837960343874	0	470
1.44715803134222	0	471
0.602059991327962	0	472
1.11394335230684	0	473
1.25527250510331	0	474
1.38021124171161	0	475
1.82607480270083	0	476
1.78532983501077	1	477
0.602059991327962	0	478
0.602059991327962	0	479
0.778151250383644	0	480
1.43136376415899	1	481
2.15533603746506	1	482
0.778151250383644	0	483
1.51851393987789	0	484
1.39794000867204	0	485
1.68124123737559	0	486
1.47712125471966	0	487
1.34242268082221	0	488
0.301029995663981	0	489
0.301029995663981	0	490
1.38021124171161	0	491
1.57978359661681	0	492
0.778151250383644	0	493
2.23552844690755	0	494
0.602059991327962	0	495
2.36921585741014	0	496
1.568201724067	0	497
0.602059991327962	0	498
0	0	499
0.602059991327962	0	500
1.53147891704226	0	501
1.84509804001426	0	502
2.66275783168157	1	503
1.68124123737559	0	504
0.954242509439325	0	505
1.44715803134222	0	506
1.63346845557959	0	507
0.845098040014257	0	508
2.06069784035361	1	509
1.63346845557959	0	510
1.38021124171161	1	511
0.845098040014257	0	512
1.39794000867204	0	513
1.27875360095283	0	514
0.477121254719662	0	515
1.07918124604762	0	516
0.301029995663981	0	517
0.698970004336019	0	518
1.61278385671974	1	519
1.04139268515822	0	520
1.32221929473392	0	521
0.301029995663981	0	522
0.845098040014257	1	523
1.27875360095283	0	524
1.11394335230684	0	525
1.97772360528885	0	526
0.954242509439325	0	527
1.81291335664286	0	528
0.477121254719662	0	529
2.51719589794997	1	530
1.54406804435028	1	531
0.778151250383644	0	532
1.49136169383427	0	533
1.04139268515822	0	534
1.38021124171161	0	535
1.57978359661681	0	536
1.17609125905568	0	537
2.54282542695918	1.58496250072116	538
1.39794000867204	0	539
0.602059991327962	0	540
0.602059991327962	0	541
1.23044892137827	0	542
1.83250891270624	0	543
0.301029995663981	0	544
1.34242268082221	1	545
1.23044892137827	0	546
0.698970004336019	0	547
1.39794000867204	0	548
1.27875360095283	0	549
1.50514997831991	0	550
2.40654018043396	1	551
0.602059991327962	0	552
2.33645973384853	1	553
1.04139268515822	0	554
0.954242509439325	0	555
1.07918124604762	1	556
0.954242509439325	0	557
1.57978359661681	1	558
1.17609125905568	0	559
1.41497334797082	0	560
0.903089986991944	0	561
0.477121254719662	0	562
0.698970004336019	0	563
1.55630250076729	0	564
0.477121254719662	1	565
0.778151250383644	0	566
0.301029995663981	0	567
1.64345267648619	0	568
1.25527250510331	0	569
0.698970004336019	0	570
0.778151250383644	0	571
0.602059991327962	0	572
1.55630250076729	1	573
1	0	574
2.61066016308988	2	575
0.698970004336019	0	576
1.85733249643127	0	577
0.477121254719662	0	578
1.04139268515822	0	579
1.27875360095283	1	580
0.954242509439325	0	581
0.698970004336019	0	582
0.477121254719662	0	583
0	0	584
0.477121254719662	0	585
0.698970004336019	0	586
2.18184358794477	0	587
0.477121254719662	0	588
0.477121254719662	0	589
1.60205999132796	0	590
0.903089986991944	0	591
0.903089986991944	0	592
1.44715803134222	0	593
0.602059991327962	1	594
1.34242268082221	0	595
1.23044892137827	0	596
1.23044892137827	0	597
0.954242509439325	0	598
1.81954393554187	1	599
2.20682587603185	1	600
2.01703333929878	1	601
0.602059991327962	0	602
0.301029995663981	0	603
0.845098040014257	0	604
1.69019608002851	0	605
2.35024801833416	0	606
1.47712125471966	1	607
0.477121254719662	0	608
1.75587485567249	0	609
2.89707700320942	1.58496250072116	610
0.845098040014257	0	611
0.602059991327962	0	612
0.301029995663981	0	613
0.301029995663981	0	614
0.778151250383644	0	615
1.93951925261862	0	616
1.07918124604762	0	617
1.53147891704226	0	618
0.845098040014257	0	619
2.68752896121463	1	620
3.13798673272353	1.58496250072116	621
1.11394335230684	1.58496250072116	622
0.698970004336019	0	623
1.99563519459755	0	624
1.54406804435028	0	625
1.44715803134222	0	626
0.698970004336019	0	627
2.46538285144842	1	628
1.7481880270062	0	629
0.301029995663981	0	630
0.698970004336019	0	631
0.845098040014257	0	632
1.92941892571429	0	633
1.11394335230684	0	634
0.477121254719662	0	635
1.07918124604762	0	636
0.602059991327962	0	637
1.11394335230684	0	638
0.477121254719662	0	639
1.20411998265592	0	640
1.41497334797082	1	641
0.602059991327962	0	642
2.74507479158206	1	643
1	0	644
0.301029995663981	0	645
0.778151250383644	0	646
1.568201724067	1	647
0.778151250383644	0	648
2.48995847942483	1	649
0.903089986991944	0	650
1.72427586960079	0	651
1	0	652
2.12385164096709	0	653
0.954242509439325	0	654
2.07188200730613	2	655
0.698970004336019	0	656
0.903089986991944	0	657
1	0	658
0.477121254719662	0	659
1	0	660
0.301029995663981	0	661
0.845098040014257	0	662
0.954242509439325	0	663
0.301029995663981	0	664
1.11394335230684	0	665
1.50514997831991	1	666
0.477121254719662	0	667
0.301029995663981	0	668
0.602059991327962	0	669
0.903089986991944	0	670
0.698970004336019	0	671
1.39794000867204	0	672
2.02530586526477	0	673
0.602059991327962	0	674
0.845098040014257	0	675
1.07918124604762	0	676
0.301029995663981	0	677
1.69897000433602	0	678
0.903089986991944	0	679
1.04139268515822	1	680
2.62013605497376	1.58496250072116	681
1.07918124604762	0	682
1.32221929473392	1	683
1.36172783601759	0	684
0.477121254719662	0	685
2.15533603746506	0	686
1.38021124171161	0	687
1.96378782734556	1	688
1.92941892571429	0	689
2.20139712432045	1	690
1.36172783601759	0	691
1.32221929473392	1	692
1.76342799356294	0	693
1.77085201164214	0	694
1.97772360528885	1	695
2.06445798922692	0	696
1.54406804435028	0	697
1	1	698
0.778151250383644	1	699
0.845098040014257	0	700
0.301029995663981	0	701
0.698970004336019	0	702
1.63346845557959	0	703
0.778151250383644	0	704
0.778151250383644	0	705
1.27875360095283	0	706
1.60205999132796	0	707
1.77815125038364	1	708
1.77815125038364	0	709
0.698970004336019	0	710
0.903089986991944	0	711
0.698970004336019	0	712
1.11394335230684	0	713
1.5910646070265	0	714
0.602059991327962	0	715
1.07918124604762	1	716
0.301029995663981	0	717
0.477121254719662	0	718
2.17897694729317	1	719
0.845098040014257	0	720
1.47712125471966	0	721
0	0	722
0.778151250383644	0	723
1.41497334797082	1	724
0.602059991327962	0	725
0.778151250383644	0	726
1.04139268515822	0	727
0	0	728
1.65321251377534	0	729
1.11394335230684	0	730
0.477121254719662	0	731
0.477121254719662	0	732
1.04139268515822	0	733
1.74036268949424	1	734
0.602059991327962	0	735
0	0	736
1.14612803567824	0	737
0.698970004336019	0	738
1.51851393987789	0	739
1.89762709129044	1	740
0.477121254719662	0	741
0.477121254719662	0	742
0.602059991327962	0	743
1.7160033436348	0	744
0.477121254719662	0	745
0.954242509439325	0	746
0.301029995663981	0	747
2.09342168516224	1	748
1	1	749
0.301029995663981	0	750
0.845098040014257	0	751
0.301029995663981	0	752
1.30102999566398	0	753
2	0	754
0.845098040014257	1	755
2.30319605742049	0	756
1.23044892137827	0	757
0.845098040014257	1	758
1.54406804435028	0	759
0.477121254719662	0	760
0	0	761
2.40993312333129	0	762
1.20411998265592	0	763
0.845098040014257	0	764
1.41497334797082	0	765
0.954242509439325	0	766
0.602059991327962	0	767
0.477121254719662	0	768
0.301029995663981	0	769
0.477121254719662	0	770
0.698970004336019	0	771
0.845098040014257	0	772
1.30102999566398	0	773
0	0	774
0.477121254719662	0	775
0	0	776
0	0	777
1.25527250510331	0	778
1.32221929473392	0	779
1.38021124171161	0	780
0.698970004336019	1.58496250072116	781
0.698970004336019	1	782
0.477121254719662	0	783
1.32221929473392	0	784
1.68124123737559	0	785
0.698970004336019	0	786
0	0	787
0.301029995663981	0	788
1.46239799789896	0	789
0.778151250383644	0	790
0.602059991327962	0	791
0	0	792
0	0	793
0.845098040014257	0	794
1.27875360095283	0	795
0.698970004336019	0	796
0.301029995663981	0	797
0.301029995663981	0	798
0.698970004336019	0	799
0.301029995663981	0	800
0.301029995663981	0	801
0.301029995663981	0	802
1.25527250510331	0	803
0.301029995663981	0	804
1.57978359661681	0	805
0.301029995663981	0	806
0.477121254719662	0	807
0.845098040014257	0	808
1.07918124604762	1	809
0.301029995663981	0	810
0.778151250383644	0	811
0.477121254719662	0	812
0.698970004336019	1	813
0.477121254719662	0	814
1.50514997831991	0	815
0.602059991327962	0	816
2.13033376849501	1	817
0	0	818
1.39794000867204	1	819
0.602059991327962	0	820
0.477121254719662	0	821
0.301029995663981	0	822
0.301029995663981	0	823
1.85733249643127	0	824
1.04139268515822	0	825
1.69019608002851	1	826
1.07918124604762	0	827
1.85125834871908	1	828
0.477121254719662	0	829
1.04139268515822	0	830
0.845098040014257	0	831
1.85125834871908	1	832
0.698970004336019	0	833
0.477121254719662	0	834
0.477121254719662	0	835
0.698970004336019	0	836
1.30102999566398	0	837
0.954242509439325	0	838
0.698970004336019	0	839
0.903089986991944	0	840
0.903089986991944	0	841
0.602059991327962	0	842
0.301029995663981	0	843
1.92941892571429	1	844
0.954242509439325	1	845
1.88081359228079	1	846
1.49136169383427	0	847
0.477121254719662	0	848
1.39794000867204	0	849
1.90308998699194	0	850
0.477121254719662	0	851
0.301029995663981	0	852
1.04139268515822	0	853
0.301029995663981	0	854
0	0	855
0.602059991327962	0	856
1.07918124604762	0	857
0.477121254719662	0	858
0.602059991327962	0	859
0.477121254719662	0	860
0	0	861
0.845098040014257	0	862
2.56702636615906	1	863
2.25285303097989	0	864
2.35793484700045	1	865
0.301029995663981	0	866
2.15836249209525	0	867
0.778151250383644	0	868
0	0	869
0	0	870
0.698970004336019	0	871
1.20411998265592	0	872
1.39794000867204	0	873
1.36172783601759	0	874
0.301029995663981	0	875
0.301029995663981	0	876
0.698970004336019	0	877
0.954242509439325	1	878
1.20411998265592	1	879
0.778151250383644	0	880
0.477121254719662	0	881
0.301029995663981	0	882
1.07918124604762	0	883
0.778151250383644	0	884
0.301029995663981	0	885
0	0	886
0	0	887
0.301029995663981	0	888
0.301029995663981	0	889
1.60205999132796	0	890
1.04139268515822	0	891
1.04139268515822	0	892
1.95904139232109	0	893
0.477121254719662	0	894
0.477121254719662	0	895
0.602059991327962	0	896
0.301029995663981	0	897
1	0	898
0.778151250383644	0	899
0.845098040014257	0	900
1.57978359661681	0	901
0.602059991327962	0	902
0.778151250383644	0	903
1.76342799356294	0	904
0.301029995663981	0	905
0	0	906
0.301029995663981	0	907
0.301029995663981	0	908
0.301029995663981	0	909
0	0	910
0.954242509439325	0	911
1.66275783168157	0	912
0.778151250383644	0	913
0.954242509439325	0	914
1.85733249643127	0	915
0.903089986991944	0	916
0.301029995663981	0	917
0.845098040014257	0	918
0.477121254719662	0	919
1.46239799789896	1	920
1.70757017609794	0	921
1.44715803134222	0	922
0.845098040014257	0	923
0.477121254719662	0	924
0.301029995663981	0	925
1.04139268515822	0	926
0.301029995663981	0	927
0	0	928
1.27875360095283	0	929
1.07918124604762	0	930
2.22271647114758	0	931
0.602059991327962	0	932
1.14612803567824	0	933
1.55630250076729	1	934
0.698970004336019	0	935
0.602059991327962	0	936
1.92427928606188	0	937
3.17405980772503	2	938
1.30102999566398	1	939
1.6232492903979	0	940
0	0	941
0.477121254719662	0	942
0.602059991327962	0	943
0	0	944
0.477121254719662	0	945
0.301029995663981	0	946
2.37291200297011	0	947
0.301029995663981	0	948
0.301029995663981	0	949
0.602059991327962	0	950
1.20411998265592	0	951
1.49136169383427	0	952
1.38021124171161	0	953
1.07918124604762	0	954
0	0	955
0	0	956
0.477121254719662	0	957
0	0	958
1.43136376415899	0	959
0.477121254719662	0	960
1	0	961
0	0	962
0.301029995663981	0	963
0.602059991327962	0	964
0.301029995663981	0	965
0	0	966
0.602059991327962	0	967
0.602059991327962	0	968
0.477121254719662	0	969
2.23552844690755	0	970
1.85733249643127	0	971
0.698970004336019	0	972
0.698970004336019	0	973
0.301029995663981	0	974
0.954242509439325	0	975
1.32221929473392	0	976
1.7160033436348	0	977
0.602059991327962	0	978
0.602059991327962	0	979
1	0	980
1	0	981
0.602059991327962	0	982
1.44715803134222	0	983
0.301029995663981	0	984
1.23044892137827	0	985
0.301029995663981	0	986
0.698970004336019	0	987
1.25527250510331	1	988
0.698970004336019	0	989
0.301029995663981	0	990
0.698970004336019	0	991
0.477121254719662	0	992
2.06069784035361	1	993
0.301029995663981	0	994
0.778151250383644	0	995
0	0	996
0.301029995663981	0	997
0	0	998
0	0	999
0.477121254719662	0	1000
0.778151250383644	0	1001
0.602059991327962	0	1002
0.778151250383644	0	1003
1.11394335230684	0	1004
1.41497334797082	1	1005
1.44715803134222	0	1006
2.82865989653532	1	1007
0.301029995663981	0	1008
0.954242509439325	0	1009
1.14612803567824	0	1010
0.778151250383644	0	1011
0.778151250383644	0	1012
1.55630250076729	0	1013
0.903089986991944	1	1014
0.602059991327962	0	1015
0.477121254719662	0	1016
0.301029995663981	0	1017
0.477121254719662	0	1018
0.903089986991944	0	1019
0.477121254719662	0	1020
0.602059991327962	0	1021
1.60205999132796	1.58496250072116	1022
1.5910646070265	0	1023
0.301029995663981	0	1024
0.477121254719662	0	1025
0.845098040014257	0	1026
1.07918124604762	0	1027
0.903089986991944	0	1028
0.477121254719662	0	1029
0	0	1030
0.301029995663981	0	1031
0.301029995663981	0	1032
0	0	1033
0	0	1034
0.301029995663981	0	1035
0	0	1036
0.301029995663981	0	1037
0.477121254719662	0	1038
1.78532983501077	0	1039
1.41497334797082	0	1040
1.69897000433602	0	1041
0.778151250383644	0	1042
0.477121254719662	0	1043
0.477121254719662	0	1044
0.602059991327962	0	1045
0.301029995663981	0	1046
0.845098040014257	0	1047
1.11394335230684	0	1048
0.477121254719662	0	1049
1.47712125471966	1	1050
0.301029995663981	0	1051
0.602059991327962	0	1052
0.778151250383644	0	1053
0	0	1054
1.23044892137827	0	1055
0	0	1056
1.14612803567824	0	1057
0.477121254719662	0	1058
0.698970004336019	0	1059
1.53147891704226	1	1060
1.20411998265592	0	1061
0.477121254719662	0	1062
0.903089986991944	0	1063
1.07918124604762	0	1064
1.74036268949424	1	1065
0.602059991327962	0	1066
0.477121254719662	0	1067
0.301029995663981	0	1068
0.698970004336019	0	1069
0.477121254719662	0	1070
1.17609125905568	0	1071
1.20411998265592	1	1072
1.43136376415899	0	1073
1.27875360095283	0	1074
1.64345267648619	0	1075
0.954242509439325	0	1076
1.32221929473392	0	1077
1.75587485567249	0	1078
0.477121254719662	0	1079
0.477121254719662	0	1080
0.301029995663981	0	1081
0.301029995663981	0	1082
0	0	1083
1.25527250510331	0	1084
1.20411998265592	0	1085
1.14612803567824	1	1086
0.301029995663981	0	1087
0.778151250383644	0	1088
0	0	1089
0.301029995663981	0	1090
0.301029995663981	0	1091
0.602059991327962	0	1092
0.698970004336019	0	1093
0.301029995663981	0	1094
0.845098040014257	0	1095
0.845098040014257	0	1096
0.778151250383644	0	1097
0.778151250383644	0	1098
0.301029995663981	0	1099
1.6232492903979	1	1100
0.845098040014257	0	1101
0.602059991327962	0	1102
0.301029995663981	1	1103
1.67209785793572	0	1104
1.60205999132796	0	1105
1.84509804001426	1	1106
0.698970004336019	0	1107
0.954242509439325	0	1108
0	0	1109
1.39794000867204	0	1110
0	0	1111
0.698970004336019	0	1112
0.301029995663981	0	1113
0.301029995663981	0	1114
0.477121254719662	0	1115
0.477121254719662	0	1116
1.04139268515822	0	1117
0	0	1118
1.25527250510331	0	1119
0.602059991327962	1	1120
0.301029995663981	0	1121
0.477121254719662	0	1122
1.72427586960079	0	1123
1	0	1124
0.301029995663981	0	1125
0.477121254719662	0	1126
0.477121254719662	0	1127
0.845098040014257	0	1128
1.20411998265592	0	1129
0.301029995663981	0	1130
0.477121254719662	0	1131
0.301029995663981	0	1132
0.301029995663981	0	1133
0	0	1134
0.477121254719662	0	1135
0.301029995663981	0	1136
1.25527250510331	0	1137
2.19033169817029	0	1138
1.23044892137827	0	1139
1.25527250510331	0	1140
0.778151250383644	0	1141
0.477121254719662	0	1142
0.477121254719662	0	1143
1.11394335230684	0	1144
0.477121254719662	0	1145
0.477121254719662	0	1146
0.477121254719662	0	1147
1.17609125905568	0	1148
0.602059991327962	0	1149
1.95904139232109	0	1150
0.602059991327962	0	1151
0.903089986991944	0	1152
0.477121254719662	0	1153
0	0	1154
0.477121254719662	0	1155
0.477121254719662	0	1156
0.903089986991944	0	1157
0.602059991327962	0	1158
0.698970004336019	0	1159
0.698970004336019	1	1160
0.698970004336019	0	1161
0.301029995663981	0	1162
0.954242509439325	0	1163
0.301029995663981	0	1164
0.602059991327962	0	1165
1.7481880270062	1	1166
0.301029995663981	0	1167
0	0	1168
0	0	1169
1.07918124604762	0	1170
1.83884909073726	0	1171
1.04139268515822	0	1172
0.778151250383644	0	1173
1.65321251377534	0	1174
1.91381385238372	0	1175
0.477121254719662	0	1176
1.73239375982297	0	1177
0.845098040014257	0	1178
0.301029995663981	0	1179
0.602059991327962	0	1180
0.477121254719662	0	1181
0.778151250383644	0	1182
0.903089986991944	0	1183
1	1	1184
0.602059991327962	0	1185
1	0	1186
0.477121254719662	0	1187
0	0	1188
0	0	1189
0.954242509439325	0	1190
0.698970004336019	0	1191
0.301029995663981	0	1192
0.698970004336019	0	1193
0.477121254719662	0	1194
1.07918124604762	0	1195
1.14612803567824	0	1196
1	1	1197
1.50514997831991	0	1198
2.01283722470517	0	1199
0.698970004336019	0	1200
0.845098040014257	0	1201
1.11394335230684	0	1202
2.38916608436453	1	1203
0.301029995663981	0	1204
1.53147891704226	0	1205
0.301029995663981	0	1206
0	0	1207
0.477121254719662	0	1208
0.301029995663981	0	1209
0	0	1210
0	0	1211
0.301029995663981	0	1212
0	0	1213
0.477121254719662	0	1214
0.903089986991944	0	1215
0.477121254719662	0	1216
0	0	1217
0.301029995663981	0	1218
2.07918124604762	1	1219
0.954242509439325	0	1220
1.34242268082221	0	1221
1.98677173426624	0	1222
0	0	1223
0.301029995663981	0	1224
2.66275783168157	2	1225
0.301029995663981	0	1226
1.11394335230684	0	1227
0	0	1228
0	0	1229
0.477121254719662	0	1230
0.301029995663981	0	1231
0.301029995663981	1	1232
1.07918124604762	0	1233
0.301029995663981	0	1234
0.477121254719662	0	1235
0.602059991327962	0	1236
1.04139268515822	0	1237
2.27875360095283	1	1238
2.17318626841227	1	1239
1.11394335230684	0	1240
0.602059991327962	0	1241
0.698970004336019	0	1242
1.20411998265592	0	1243
0	0	1244
0.301029995663981	0	1245
0	0	1246
0.301029995663981	0	1247
0.602059991327962	0	1248
1.17609125905568	0	1249
0.301029995663981	0	1250
0.301029995663981	0	1251
0.477121254719662	0	1252
1.17609125905568	0	1253
0.301029995663981	0	1254
0.301029995663981	0	1255
0.778151250383644	0	1256
0.602059991327962	0	1257
1	0	1258
0.477121254719662	0	1259
0	0	1260
0	0	1261
0.301029995663981	0	1262
0	0	1263
1.25527250510331	0	1264
0.602059991327962	0	1265
0.477121254719662	0	1266
1.17609125905568	0	1267
1.92427928606188	0	1268
1	0	1269
0.845098040014257	0	1270
0.477121254719662	0	1271
0.301029995663981	0	1272
1.27875360095283	0	1273
1.23044892137827	0	1274
0.698970004336019	0	1275
1.55630250076729	0	1276
1.65321251377534	0	1277
0.301029995663981	0	1278
0.698970004336019	0	1279
0.954242509439325	0	1280
0.301029995663981	0	1281
0.301029995663981	0	1282
0.477121254719662	0	1283
1.69019608002851	0	1284
0.698970004336019	0	1285
0.301029995663981	0	1286
0.698970004336019	0	1287
0	0	1288
0	0	1289
0	0	1290
0.477121254719662	0	1291
0.845098040014257	0	1292
0.903089986991944	0	1293
0.903089986991944	0	1294
1.14612803567824	0	1295
0.698970004336019	0	1296
1.36172783601759	0	1297
1.36172783601759	0	1298
1.04139268515822	0	1299
0.301029995663981	0	1300
0.602059991327962	0	1301
0	0	1302
0.954242509439325	0	1303
1.04139268515822	0	1304
0.477121254719662	0	1305
0.477121254719662	0	1306
0.477121254719662	0	1307
0.698970004336019	0	1308
0.477121254719662	0	1309
1.92427928606188	0	1310
1.17609125905568	1	1311
0.602059991327962	0	1312
0.477121254719662	0	1313
0.698970004336019	0	1314
0.477121254719662	0	1315
1.43136376415899	0	1316
0.301029995663981	0	1317
0.477121254719662	0	1318
1.67209785793572	1	1319
1	1	1320
1.11394335230684	0	1321
0.845098040014257	0	1322
0.778151250383644	0	1323
0	0	1324
0.845098040014257	0	1325
0.778151250383644	0	1326
0.301029995663981	0	1327
0.698970004336019	0	1328
1.46239799789896	0	1329
0	0	1330
0	0	1331
0	0	1332
0.477121254719662	0	1333
0	0	1334
0.602059991327962	0	1335
0	0	1336
0	0	1337
0	0	1338
0.301029995663981	0	1339
1.07918124604762	0	1340
0.602059991327962	0	1341
0.845098040014257	0	1342
0.301029995663981	0	1343
0	0	1344
0.698970004336019	0	1345
0.602059991327962	0	1346
0	0	1347
0	0	1348
0	0	1349
0	0	1350
0	0	1351
0	0	1352
0.778151250383644	0	1353
1.11394335230684	0	1354
0.602059991327962	0	1355
0.477121254719662	0	1356
0.698970004336019	0	1357
0.301029995663981	0	1358
0.301029995663981	0	1359
0.602059991327962	0	1360
0.698970004336019	0	1361
0.698970004336019	0	1362
0.301029995663981	0	1363
0.698970004336019	0	1364
1.07918124604762	0	1365
0.602059991327962	0	1366
0.301029995663981	0	1367
0.778151250383644	0	1368
0.301029995663981	0	1369
1.04139268515822	0	1370
0.301029995663981	0	1371
1.8750612633917	1	1372
1.60205999132796	1	1373
1.85125834871908	0	1374
0.301029995663981	0	1375
1.34242268082221	0	1376
1.14612803567824	0	1377
0.477121254719662	0	1378
1.23044892137827	1	1379
0.602059991327962	0	1380
1.34242268082221	0	1381
1.30102999566398	1	1382
0.301029995663981	0	1383
0.477121254719662	0	1384
0.778151250383644	1	1385
0.477121254719662	0	1386
1	0	1387
0.301029995663981	0	1388
0.845098040014257	0	1389
1.07918124604762	0	1390
1.78532983501077	0	1391
0.954242509439325	1	1392
1.11394335230684	0	1393
1.25527250510331	0	1394
2.40312052117582	2	1395
0	0	1396
0.301029995663981	0	1397
1.67209785793572	0	1398
0.778151250383644	0	1399
0.301029995663981	0	1400
1.20411998265592	0	1401
0.778151250383644	0	1402
0.301029995663981	0	1403
0.301029995663981	0	1404
0.698970004336019	0	1405
0	0	1406
0.301029995663981	0	1407
0.778151250383644	0	1408
2.00860017176192	1	1409
0.301029995663981	0	1410
1.47712125471966	0	1411
0	0	1412
1.57978359661681	0	1413
0.602059991327962	0	1414
1.9912260756925	0	1415
0.477121254719662	0	1416
0.477121254719662	0	1417
0.845098040014257	0	1418
0.845098040014257	0	1419
0.301029995663981	0	1420
0.602059991327962	1	1421
0.301029995663981	0	1422
1.17609125905568	1	1423
0.903089986991944	0	1424
1.98227123303957	1	1425
1.30102999566398	0	1426
0.301029995663981	0	1427
0.602059991327962	0	1428
1.49136169383427	0	1429
0.301029995663981	0	1430
2	0	1431
0.698970004336019	0	1432
0.698970004336019	0	1433
0	0	1434
0	0	1435
0	0	1436
0.845098040014257	0	1437
0	0	1438
0	0	1439
0	0	1440
0	0	1441
0.477121254719662	0	1442
0.698970004336019	0	1443
0	0	1444
0	0	1445
0	0	1446
0.301029995663981	0	1447
1.27875360095283	0	1448
0.698970004336019	0	1449
0	0	1450
0	0	1451
0	0	1452
0	0	1453
1.73239375982297	1	1454
0.954242509439325	0	1455
0	0	1456
0	0	1457
1.6232492903979	0	1458
1.83884909073726	0	1459
0	0	1460
0	0	1461
0.778151250383644	0	1462
0.301029995663981	0	1463
0	0	1464
0.301029995663981	0	1465
1.04139268515822	1	1466
0.477121254719662	0	1467
0	0	1468
0.301029995663981	0	1469
0	0	1470
0	0	1471
0	0	1472
0	0	1473
0	0	1474
0.301029995663981	0	1475
0	0	1476
1.69897000433602	0	1477
1.20411998265592	0	1478
0.602059991327962	0	1479
0	0	1480
0.301029995663981	0	1481
0	0	1482
0	0	1483
0	0	1484
0	0	1485
0	0	1486
0.602059991327962	0	1487
0.477121254719662	0	1488
0.845098040014257	0	1489
0	0	1490
0	0	1491
0.301029995663981	0	1492
0	0	1493
0	0	1494
0	0	1495
0.845098040014257	0	1496
0.602059991327962	0	1497
1.91381385238372	1	1498
1.11394335230684	0	1499
0	0	1500
0	0	1501
0	0	1502
0.301029995663981	0	1503
0	0	1504
0	0	1505
0.477121254719662	0	1506
1.49136169383427	1	1507
0	0	1508
0.778151250383644	0	1509
0.778151250383644	0	1510
0.602059991327962	0	1511
0.698970004336019	0	1512
0	0	1513
0	0	1514
0.301029995663981	0	1515
0	0	1516
0	0	1517
0	0	1518
0.301029995663981	0	1519
0	0	1520
1.14612803567824	0	1521
0	0	1522
0	0	1523
0	0	1524
0.602059991327962	0	1525
0	0	1526
1.20411998265592	0	1527
0.301029995663981	0	1528
0	0	1529
0.301029995663981	0	1530
0.301029995663981	0	1531
0	0	1532
0.301029995663981	0	1533
0	0	1534
0.845098040014257	0	1535
0	0	1536
0	0	1537
0	0	1538
1.43136376415899	0	1539
0	0	1540
0.778151250383644	0	1541
0.477121254719662	0	1542
0.602059991327962	0	1543
0.301029995663981	0	1544
0.477121254719662	0	1545
0	0	1546
0	0	1547
0	0	1548
0	0	1549
0	0	1550
0	0	1551
0	0	1552
0	0	1553
0	0	1554
0	0	1555
0	0	1556
0	0	1557
0.778151250383644	0	1558
0	0	1559
0.698970004336019	0	1560
0.477121254719662	0	1561
0.698970004336019	0	1562
0	0	1563
0.301029995663981	0	1564
0	0	1565
0.301029995663981	0	1566
0.602059991327962	0	1567
0.301029995663981	0	1568
1	1	1569
1.7481880270062	0	1570
0.845098040014257	0	1571
0	0	1572
0	0	1573
0	0	1574
0	0	1575
0.301029995663981	0	1576
0.845098040014257	0	1577
0	0	1578
0	0	1579
0	0	1580
0	0	1581
0.477121254719662	0	1582
0.778151250383644	0	1583
0	0	1584
0	0	1585
0	0	1586
0	0	1587
1.86923171973098	0	1588
0	0	1589
0.602059991327962	0	1590
0	0	1591
0.301029995663981	0	1592
0.954242509439325	0	1593
0	0	1594
0.477121254719662	0	1595
0	0	1596
0.301029995663981	0	1597
0	0	1598
0.301029995663981	0	1599
0	0	1600
0	0	1601
0	0	1602
0	0	1603
0	0	1604
0	0	1605
0	0	1606
0.301029995663981	0	1607
0	0	1608
0	0	1609
0	0	1610
0.301029995663981	0	1611
0	0	1612
0.477121254719662	0	1613
1.20411998265592	0	1614
1.17609125905568	0	1615
0	0	1616
0	0	1617
0	0	1618
0	0	1619
0	0	1620
0	0	1621
0	0	1622
0	0	1623
0	0	1624
0	0	1625
0.602059991327962	0	1626
0.477121254719662	0	1627
0	0	1628
0	0	1629
0	0	1630
0	0	1631
0	0	1632
0	0	1633
0	0	1634
0	0	1635
0	0	1636
0	0	1637
0	0	1638
0.845098040014257	0	1639
0	0	1640
0.698970004336019	0	1641
0.301029995663981	0	1642
0.903089986991944	0	1643
0	0	1644
0.301029995663981	0	1645
0	0	1646
0	0	1647
0.301029995663981	0	1648
1	0	1649
0	0	1650
1.04139268515822	1	1651
0.477121254719662	0	1652
0	0	1653
0	0	1654
0	0	1655
0.477121254719662	0	1656
0	0	1657
0.778151250383644	0	1658
0	0	1659
0	0	1660
0	0	1661
0	0	1662
1.14612803567824	0	1663
0.301029995663981	0	1664
0	0	1665
0	0	1666
0	0	1667
0	0	1668
0	0	1669
0.845098040014257	0	1670
0.301029995663981	0	1671
0.954242509439325	0	1672
1.77815125038364	0	1673
0.845098040014257	0	1674
0.477121254719662	0	1675
0.602059991327962	0	1676
1.77085201164214	0	1677
0	0	1678
0	0	1679
0	0	1680
0.301029995663981	0	1681
0.698970004336019	0	1682
0.301029995663981	0	1683
0	0	1684
0.301029995663981	0	1685
0	0	1686
0	0	1687
0	0	1688
0.301029995663981	0	1689
0.778151250383644	0	1690
0.477121254719662	0	1691
0	0	1692
0.602059991327962	0	1693
0.477121254719662	0	1694
0.602059991327962	0	1695
0	0	1696
0.477121254719662	0	1697
0	0	1698
0	0	1699
0	0	1700
0.698970004336019	0	1701
1.25527250510331	0	1702
0	0	1703
0	0	1704
0	0	1705
0	0	1706
0.301029995663981	1	1707
0	0	1708
0.301029995663981	0	1709
0	0	1710
0	0	1711
0	0	1712
0	0	1713
0	0	1714
1.49136169383427	0	1715
0	0	1716
0.301029995663981	0	1717
0	0	1718
0	0	1719
0	0	1720
0	0	1721
0	0	1722
0	0	1723
0	0	1724
0.301029995663981	0	1725
0.301029995663981	0	1726
1.85125834871908	0	1727
0.301029995663981	0	1728
1.85733249643127	2	1729
0	0	1730
2.32837960343874	0	1731
0	0	1732
0.477121254719662	0	1733
0	0	1734
0.301029995663981	0	1735
0	0	1736
0	0	1737
0	0	1738
0	0	1739
0	0	1740
0	0	1741
0	0	1742
0	0	1743
0	0	1744
0	0	1745
1.27875360095283	0	1746
2.35983548233989	0	1747
0.845098040014257	0	1748
0	0	1749
0	0	1750
0	0	1751
0	0	1752
0	0	1753
0.301029995663981	0	1754
0	0	1755
0.698970004336019	0	1756
0	0	1757
0	0	1758
0.602059991327962	0	1759
0	0	1760
0	0	1761
0.477121254719662	0	1762
0	0	1763
0	0	1764
0	0	1765
1.17609125905568	0	1766
1.41497334797082	0	1767
0.301029995663981	0	1768
0	0	1769
0	0	1770
0	0	1771
0	0	1772
0	0	1773
0	0	1774
0	0	1775
0	0	1776
0	0	1777
0.698970004336019	0	1778
0	0	1779
0	0	1780
0.301029995663981	0	1781
0	0	1782
0	0	1783
0	0	1784
0	0	1785
0.301029995663981	0	1786
1.49136169383427	0	1787
0	0	1788
0.778151250383644	0	1789
0	0	1790
0	0	1791
0	0	1792
0	0	1793
0	0	1794
0.477121254719662	0	1795
0	0	1796
0.903089986991944	0	1797
0	0	1798
0.477121254719662	0	1799
0.477121254719662	0	1800
0	0	1801
0	0	1802
0	0	1803
0	0	1804
0	0	1805
0	0	1806
0.778151250383644	0	1807
0	0	1808
0.903089986991944	1	1809
0	0	1810
0.778151250383644	0	1811
0	0	1812
0	0	1813
0	0	1814
0.301029995663981	0	1815
0	0	1816
0	0	1817
0	0	1818
1.20411998265592	0	1819
0	0	1820
0	0	1821
0.602059991327962	0	1822
0.602059991327962	0	1823
0	0	1824
1.61278385671974	0	1825
1.51851393987789	0	1826
0.477121254719662	0	1827
0.477121254719662	1	1828
0	0	1829
1.53147891704226	1	1830
2.14921911265538	1	1831
0.602059991327962	0	1832
0.301029995663981	0	1833
0	0	1834
0	0	1835
0.602059991327962	0	1836
0.477121254719662	0	1837
0	0	1838
0.301029995663981	0	1839
0.477121254719662	0	1840
0	0	1841
0	0	1842
0	0	1843
0	0	1844
0.301029995663981	0	1845
0.698970004336019	0	1846
0	0	1847
1	0	1848
0.301029995663981	0	1849
0	0	1850
0	0	1851
0.477121254719662	0	1852
0	0	1853
0	0	1854
0	0	1855
0	0	1856
0	0	1857
0.301029995663981	0	1858
1.81291335664286	0	1859
0.845098040014257	0	1860
0	0	1861
0	0	1862
0	0	1863
0.301029995663981	0	1864
0	0	1865
0.477121254719662	0	1866
0.602059991327962	0	1867
0	0	1868
0.301029995663981	0	1869
0.477121254719662	0	1870
0	0	1871
0.903089986991944	0	1872
1.27875360095283	0	1873
0	0	1874
1.20411998265592	0	1875
0	0	1876
0	0	1877
0	0	1878
1.23044892137827	0	1879
0	0	1880
0	0	1881
0	0	1882
0	0	1883
0	0	1884
0	0	1885
0.301029995663981	0	1886
0.698970004336019	0	1887
0	0	1888
0	0	1889
0	0	1890
0.954242509439325	0	1891
0	0	1892
0	0	1893
0	0	1894
0	0	1895
0	0	1896
0	0	1897
0	0	1898
0.698970004336019	0	1899
0.477121254719662	0	1900
0.301029995663981	0	1901
0	0	1902
0	0	1903
1.04139268515822	0	1904
0.477121254719662	0	1905
0	0	1906
0.845098040014257	0	1907
1.07918124604762	0	1908
0	0	1909
0	0	1910
0	0	1911
0	0	1912
0	0	1913
0	0	1914
0.301029995663981	1	1915
0	0	1916
0	0	1917
0	0	1918
0	0	1919
0	0	1920
1.07918124604762	1	1921
0	0	1922
0.954242509439325	0	1923
0	0	1924
0	0	1925
0.301029995663981	0	1926
1.85125834871908	0	1927
0.602059991327962	0	1928
0.602059991327962	0	1929
0	0	1930
0.602059991327962	0	1931
0	0	1932
0	0	1933
0	0	1934
0	0	1935
0	0	1936
0.301029995663981	0	1937
0	0	1938
0	0	1939
0.301029995663981	0	1940
0.903089986991944	0	1941
0	0	1942
0.602059991327962	0	1943
0	0	1944
0	0	1945
0	0	1946
0.477121254719662	0	1947
0	0	1948
0	0	1949
0	0	1950
0	0	1951
0.778151250383644	0	1952
0.845098040014257	0	1953
0	0	1954
1.27875360095283	0	1955
0	0	1956
0.698970004336019	0	1957
0.301029995663981	0	1958
1.11394335230684	0	1959
0.301029995663981	0	1960
0	0	1961
0.954242509439325	0	1962
0.698970004336019	0	1963
0	0	1964
0	0	1965
0	0	1966
0	0	1967
0	0	1968
0	0	1969
1	0	1970
0.698970004336019	0	1971
0.301029995663981	0	1972
0.602059991327962	0	1973
0.778151250383644	0	1974
0	0	1975
0.301029995663981	0	1976
1.04139268515822	0	1977
0	0	1978
0	0	1979
0	0	1980
0.301029995663981	0	1981
0	0	1982
0	0	1983
0	0	1984
1.27875360095283	0	1985
0.602059991327962	0	1986
1.04139268515822	0	1987
0	0	1988
0	0	1989
0	0	1990
0	0	1991
0	0	1992
0	0	1993
0	0	1994
0	0	1995
0	0	1996
0	0	1997
0	0	1998
0	0	1999
0	0	2000
0	0	2001
0	0	2002
0	0	2003
0	0	2004
0.301029995663981	0	2005
1.30102999566398	0	2006
0.301029995663981	0	2007
1.25527250510331	0	2008
0.903089986991944	0	2009
1.54406804435028	1	2010
1.17609125905568	0	2011
0.698970004336019	0	2012
0.954242509439325	0	2013
1.7481880270062	0	2014
1.5910646070265	1	2015
0	0	2016
0	0	2017
0.778151250383644	0	2018
1.47712125471966	1	2019
0	0	2020
0.778151250383644	0	2021
0	0	2022
0.301029995663981	0	2023
0	0	2024
0	0	2025
0	0	2026
0.698970004336019	0	2027
0	0	2028
0	0	2029
0	0	2030
0.301029995663981	0	2031
0	0	2032
0.602059991327962	0	2033
0.903089986991944	0	2034
0.477121254719662	0	2035
0	0	2036
0.477121254719662	1	2037
0.698970004336019	0	2038
0.845098040014257	0	2039
0	0	2040
0.602059991327962	0	2041
0	0	2042
0	0	2043
0	0	2044
0.301029995663981	0	2045
0.778151250383644	0	2046
0	0	2047
0	0	2048
0.301029995663981	0	2049
0	0	2050
0.602059991327962	0	2051
0	0	2052
0.778151250383644	0	2053
0	0	2054
0.477121254719662	0	2055
0	0	2056
0	0	2057
0	0	2058
0.477121254719662	0	2059
0	0	2060
0	0	2061
0	0	2062
0	0	2063
0	0	2064
0.845098040014257	0	2065
0	0	2066
0	0	2067
0	0	2068
0	0	2069
0	0	2070
0	0	2071
0	0	2072
0	0	2073
0	0	2074
1.49136169383427	0	2075
0	0	2076
0.301029995663981	0	2077
0	0	2078
0.698970004336019	0	2079
0.477121254719662	0	2080
1.07918124604762	0	2081
0	0	2082
0.602059991327962	0	2083
0.477121254719662	0	2084
1.32221929473392	0	2085
0	0	2086
0.477121254719662	1	2087
0	0	2088
0	0	2089
0.301029995663981	0	2090
0.477121254719662	0	2091
0	0	2092
0	0	2093
0	0	2094
1.07918124604762	1	2095
0	0	2096
0	0	2097
0.301029995663981	0	2098
0	0	2099
0.477121254719662	0	2100
0	0	2101
0	0	2102
0	0	2103
0	0	2104
0	0	2105
0	0	2106
0	0	2107
0	0	2108
0	0	2109
0	0	2110
1.23044892137827	1	2111
0	0	2112
0	0	2113
0	0	2114
0	0	2115
0.301029995663981	0	2116
0.778151250383644	0	2117
0.301029995663981	0	2118
0.301029995663981	0	2119
0	0	2120
0.301029995663981	0	2121
0.954242509439325	0	2122
1.14612803567824	0	2123
0.698970004336019	0	2124
0.698970004336019	0	2125
0.698970004336019	0	2126
1.14612803567824	0	2127
0	0	2128
0.954242509439325	0	2129
0	0	2130
1	0	2131
0	0	2132
0.477121254719662	0	2133
0.301029995663981	0	2134
0.301029995663981	0	2135
1.07918124604762	0	2136
0.301029995663981	0	2137
0.602059991327962	0	2138
0.477121254719662	0	2139
0	0	2140
0.301029995663981	0	2141
0	0	2142
0	0	2143
0	0	2144
0	0	2145
0	0	2146
1.11394335230684	1	2147
0	0	2148
0	0	2149
0	0	2150
0	0	2151
0	0	2152
0	0	2153
0	0	2154
1.38021124171161	0	2155
0.301029995663981	0	2156
0	0	2157
0	0	2158
0	0	2159
0	0	2160
0.301029995663981	0	2161
0	0	2162
0.477121254719662	0	2163
0	0	2164
0	0	2165
0	0	2166
0	0	2167
0	0	2168
0	0	2169
0.477121254719662	0	2170
1.14612803567824	1	2171
0	0	2172
1.78532983501077	0	2173
0	0	2174
0	0	2175
0	0	2176
0	0	2177
0	0	2178
0	0	2179
0	0	2180
0	0	2181
0	0	2182
0.301029995663981	0	2183
0	0	2184
0	0	2185
0	0	2186
0.602059991327962	0	2187
0	0	2188
0	0	2189
0.301029995663981	0	2190
0	0	2191
0	0	2192
0.602059991327962	0	2193
0.301029995663981	0	2194
0	0	2195
0.698970004336019	0	2196
0	0	2197
0	0	2198
0	0	2199
0.301029995663981	0	2200
0.477121254719662	0	2201
0	0	2202
1.47712125471966	0	2203
1.6232492903979	0	2204
0.301029995663981	0	2205
0	0	2206
0	0	2207
0	0	2208
1.14612803567824	1	2209
0	0	2210
0.301029995663981	0	2211
1	0	2212
0.301029995663981	0	2213
0	0	2214
0.301029995663981	0	2215
0	0	2216
0.698970004336019	0	2217
0	0	2218
0	0	2219
0	0	2220
0	0	2221
0	0	2222
0	0	2223
0	0	2224
0.301029995663981	0	2225
0.602059991327962	0	2226
0	0	2227
0	0	2228
0.301029995663981	0	2229
0	0	2230
0.477121254719662	0	2231
0	0	2232
0.301029995663981	0	2233
0	0	2234
0	0	2235
0	0	2236
0	0	2237
0	0	2238
0.477121254719662	0	2239
0.602059991327962	0	2240
0.954242509439325	0	2241
0	0	2242
0	0	2243
0	0	2244
0.602059991327962	0	2245
0.301029995663981	0	2246
0.301029995663981	0	2247
0.477121254719662	0	2248
0	0	2249
0	0	2250
0	0	2251
0	0	2252
0.301029995663981	0	2253
0	0	2254
0.301029995663981	0	2255
0	0	2256
1.78532983501077	0	2257
0.301029995663981	0	2258
0.301029995663981	0	2259
0	0	2260
0.301029995663981	0	2261
0.301029995663981	0	2262
0.301029995663981	0	2263
0	0	2264
0	0	2265
0	0	2266
0	0	2267
0	0	2268
0	0	2269
0	0	2270
0.602059991327962	0	2271
0.301029995663981	0	2272
1	0	2273
0.602059991327962	0	2274
0	0	2275
0.301029995663981	0	2276
0.477121254719662	0	2277
0	0	2278
0	0	2279
0	0	2280
0.845098040014257	0	2281
0	0	2282
0	0	2283
0	0	2284
0	0	2285
0	0	2286
0	0	2287
0	0	2288
0.903089986991944	0	2289
0	0	2290
0.778151250383644	0	2291
0.477121254719662	0	2292
1.07918124604762	0	2293
0.301029995663981	0	2294
0.778151250383644	0	2295
0	0	2296
0.778151250383644	0	2297
0.477121254719662	0	2298
0	0	2299
0.602059991327962	0	2300
0.301029995663981	0	2301
0	0	2302
1.43136376415899	0	2303
0	0	2304
1.04139268515822	0	2305
0	0	2306
0	0	2307
0	0	2308
0	0	2309
0	0	2310
0	0	2311
0	0	2312
0	0	2313
0.602059991327962	0	2314
0.602059991327962	0	2315
1	0	2316
1	0	2317
0.602059991327962	0	2318
0.477121254719662	0	2319
0	0	2320
0.301029995663981	0	2321
1.11394335230684	0	2322
0.602059991327962	0	2323
0	0	2324
0	0	2325
0	0	2326
1.11394335230684	0	2327
0	0	2328
0	0	2329
0	0	2330
0.698970004336019	0	2331
0	0	2332
0	0	2333
0	0	2334
0	0	2335
0	0	2336
0	0	2337
0	0	2338
0	0	2339
0	0	2340
0	0	2341
0	0	2342
0.301029995663981	0	2343
0.845098040014257	0	2344
1.07918124604762	0	2345
0.477121254719662	0	2346
0.602059991327962	0	2347
0	0	2348
0	0	2349
0.477121254719662	0	2350
1.17609125905568	0	2351
0	0	2352
0	0	2353
0.698970004336019	0	2354
0	0	2355
0	0	2356
0.301029995663981	0	2357
0.301029995663981	0	2358
0.301029995663981	0	2359
0	0	2360
0.903089986991944	0	2361
0.698970004336019	1	2362
0	0	2363
0	0	2364
0.301029995663981	0	2365
0	0	2366
0	0	2367
0	0	2368
0	0	2369
0.602059991327962	0	2370
0.845098040014257	0	2371
0	0	2372
0	0	2373
0.845098040014257	0	2374
0.477121254719662	0	2375
0	0	2376
0	0	2377
0	0	2378
0	0	2379
0	0	2380
0.845098040014257	1	2381
0.698970004336019	0	2382
1.11394335230684	1	2383
0	0	2384
0.698970004336019	0	2385
0	0	2386
0	0	2387
0	0	2388
0.477121254719662	0	2389
0	0	2390
0	0	2391
0	0	2392
0.698970004336019	0	2393
0.477121254719662	0	2394
0.845098040014257	0	2395
0.301029995663981	0	2396
1.83884909073726	0	2397
0.301029995663981	0	2398
1.65321251377534	1	2399
0.301029995663981	0	2400
0.698970004336019	0	2401
0	0	2402
0.301029995663981	0	2403
0	0	2404
0	0	2405
0	0	2406
0.903089986991944	0	2407
0	0	2408
0	0	2409
0.477121254719662	0	2410
0	0	2411
0	0	2412
0	0	2413
0	0	2414
0	0	2415
0	0	2416
0	0	2417
0	0	2418
0	0	2419
0	0	2420
0	0	2421
0	0	2422
0	0	2423
0.301029995663981	0	2424
0.903089986991944	0	2425
0	0	2426
0	0	2427
0	0	2428
0	0	2429
0	0	2430
0	0	2431
0	0	2432
0	0	2433
0	0	2434
0	0	2435
0	0	2436
0	0	2437
0.698970004336019	1	2438
0	0	2439
0.301029995663981	0	2440
0.903089986991944	0	2441
0	0	2442
0.301029995663981	0	2443
0	0	2444
0.301029995663981	0	2445
0	0	2446
0	0	2447
0	0	2448
0	0	2449
0	0	2450
0.477121254719662	0	2451
0.301029995663981	0	2452
0.301029995663981	0	2453
0	0	2454
0	0	2455
0	0	2456
0	0	2457
0	0	2458
0	0	2459
0	0	2460
0	0	2461
0	0	2462
0	0	2463
0	0	2464
0.477121254719662	0	2465
0.301029995663981	0	2466
0	0	2467
0	0	2468
0.954242509439325	0	2469
0	0	2470
0	0	2471
0.301029995663981	0	2472
0	0	2473
0.301029995663981	0	2474
0.301029995663981	0	2475
1	0	2476
0.301029995663981	0	2477
0.477121254719662	0	2478
0	0	2479
0	0	2480
0.301029995663981	0	2481
0	0	2482
0.477121254719662	0	2483
0.301029995663981	0	2484
0.903089986991944	0	2485
0.301029995663981	0	2486
0	0	2487
0	0	2488
0	0	2489
0	0	2490
0	0	2491
0	0	2492
0	0	2493
0	0	2494
0	0	2495
0	0	2496
0.301029995663981	1	2497
0	0	2498
0.301029995663981	0	2499
0	0	2500
0	0	2501
0	0	2502
0	0	2503
0	0	2504
0.477121254719662	0	2505
0	0	2506
0	0	2507
0	0	2508
0	0	2509
0	0	2510
0.698970004336019	0	2511
0	0	2512
0	0	2513
0.301029995663981	0	2514
0	0	2515
0.778151250383644	0	2516
0	0	2517
0	0	2518
0	0	2519
0	0	2520
0	0	2521
0	0	2522
0	0	2523
0	0	2524
0.698970004336019	0	2525
0	0	2526
0	0	2527
0	0	2528
1.46239799789896	0	2529
0	0	2530
1.44715803134222	0	2531
0.477121254719662	0	2532
1.30102999566398	0	2533
0.301029995663981	0	2534
0	0	2535
0	0	2536
0.602059991327962	0	2537
0.845098040014257	0	2538
0	0	2539
0	0	2540
0.602059991327962	0	2541
0.477121254719662	0	2542
0	0	2543
0	0	2544
0	0	2545
0	0	2546
0	0	2547
0.301029995663981	0	2548
0	0	2549
0	0	2550
0.301029995663981	0	2551
0.301029995663981	0	2552
0.954242509439325	0	2553
0	0	2554
0.903089986991944	0	2555
0	0	2556
0	0	2557
0	0	2558
1.27875360095283	1	2559
0.954242509439325	0	2560
0	0	2561
0	0	2562
0	0	2563
0	0	2564
0	0	2565
0	0	2566
0	0	2567
1.32221929473392	0	2568
0	0	2569
0.477121254719662	0	2570
0	0	2571
0	0	2572
0	0	2573
0	0	2574
0.477121254719662	0	2575
0	0	2576
0	0	2577
0	0	2578
0	0	2579
0	0	2580
0	0	2581
0	0	2582
0	0	2583
0	0	2584
0.477121254719662	0	2585
0	0	2586
1.30102999566398	0	2587
0	0	2588
0.477121254719662	0	2589
0.301029995663981	0	2590
0.602059991327962	0	2591
0.477121254719662	0	2592
0.477121254719662	0	2593
0.954242509439325	0	2594
0	0	2595
0	0	2596
0.477121254719662	0	2597
0.301029995663981	0	2598
1.17609125905568	1	2599
0	0	2600
0	0	2601
0	0	2602
1.20411998265592	0	2603
0	0	2604
0	0	2605
0	0	2606
0	0	2607
0	0	2608
0	0	2609
0	0	2610
0	0	2611
0.301029995663981	1	2612
0.301029995663981	0	2613
0.602059991327962	0	2614
0.602059991327962	0	2615
0	0	2616
0	0	2617
0	0	2618
0	0	2619
0	0	2620
0.301029995663981	0	2621
0.778151250383644	0	2622
1.34242268082221	0	2623
0	0	2624
0	0	2625
0.301029995663981	0	2626
0	0	2627
0	0	2628
0.477121254719662	0	2629
0.477121254719662	0	2630
0.301029995663981	0	2631
0	0	2632
0	0	2633
0	0	2634
0	0	2635
0	0	2636
0.301029995663981	0	2637
0.301029995663981	0	2638
0	0	2639
0	0	2640
0.301029995663981	0	2641
0.301029995663981	0	2642
0.778151250383644	0	2643
0	0	2644
0	0	2645
0	0	2646
0	0	2647
0	0	2648
0	0	2649
0	0	2650
0	0	2651
0.477121254719662	0	2652
1.85125834871908	1	2653
0.477121254719662	0	2654
1.41497334797082	0	2655
0	0	2656
0.602059991327962	0	2657
0	0	2658
0.602059991327962	0	2659
0	0	2660
0	0	2661
0	0	2662
0	0	2663
0	0	2664
0	0	2665
0	0	2666
0	0	2667
0	0	2668
0	0	2669
0	0	2670
0	0	2671
0	0	2672
0	0	2673
0	0	2674
0	0	2675
0	0	2676
0	0	2677
0	0	2678
0	0	2679
0.602059991327962	0	2680
0.954242509439325	0	2681
0.778151250383644	0	2682
1.17609125905568	0	2683
0	0	2684
0	0	2685
0.301029995663981	0	2686
0	0	2687
0	0	2688
0	0	2689
0	0	2690
1.07918124604762	0	2691
0.778151250383644	0	2692
0	0	2693
0	0	2694
0	0	2695
0	0	2696
0	0	2697
0	0	2698
0	0	2699
0	0	2700
0	0	2701
0	0	2702
0	0	2703
0	0	2704
0	0	2705
0	0	2706
0	0	2707
0.698970004336019	0	2708
0	0	2709
0.845098040014257	0	2710
0.954242509439325	0	2711
0	0	2712
0	0	2713
1.49136169383427	0	2714
0.477121254719662	0	2715
0	0	2716
0	0	2717
0	0	2718
0	0	2719
0	0	2720
0.301029995663981	0	2721
0.778151250383644	0	2722
1	0	2723
0.778151250383644	0	2724
0.301029995663981	0	2725
0	0	2726
0	0	2727
0.477121254719662	0	2728
0.301029995663981	0	2729
1	0	2730
1.14612803567824	0	2731
0.477121254719662	0	2732
0.602059991327962	0	2733
0	0	2734
0	0	2735
0.602059991327962	1	2736
0.301029995663981	0	2737
0.477121254719662	0	2738
0	0	2739
0	0	2740
0	0	2741
0	0	2742
0	0	2743
0	0	2744
0.301029995663981	0	2745
0.301029995663981	0	2746
1.38021124171161	0	2747
0.301029995663981	0	2748
0.903089986991944	0	2749
0	0	2750
0.301029995663981	0	2751
0	0	2752
0	0	2753
0	0	2754
0.301029995663981	0	2755
0	0	2756
0	0	2757
0	0	2758
0.477121254719662	1	2759
0	0	2760
0	0	2761
0.301029995663981	0	2762
0.301029995663981	0	2763
0	0	2764
1.20411998265592	0	2765
0.954242509439325	0	2766
0.602059991327962	0	2767
0	0	2768
0	0	2769
0.301029995663981	0	2770
0	0	2771
0.301029995663981	0	2772
0	0	2773
0	0	2774
0	0	2775
0	0	2776
0	0	2777
0	0	2778
0.301029995663981	0	2779
0	0	2780
1.90848501887865	0	2781
0.602059991327962	0	2782
0	0	2783
0	0	2784
0.477121254719662	0	2785
0.301029995663981	0	2786
0.845098040014257	0	2787
0.698970004336019	0	2788
0	0	2789
0	0	2790
0	0	2791
0	0	2792
0	0	2793
0	0	2794
0.477121254719662	0	2795
0	0	2796
0.778151250383644	0	2797
0.698970004336019	0	2798
1.38021124171161	0	2799
0	0	2800
0	0	2801
0	0	2802
0	0	2803
0	0	2804
0	0	2805
0	0	2806
0	0	2807
0	0	2808
0	0	2809
0	0	2810
0.477121254719662	0	2811
0	0	2812
0	0	2813
0	0	2814
0	0	2815
0	0	2816
0	0	2817
0	0	2818
0.602059991327962	0	2819
0	0	2820
0	0	2821
0	0	2822
0.602059991327962	0	2823
0	0	2824
0	0	2825
0	0	2826
0	0	2827
0.477121254719662	0	2828
1.50514997831991	0	2829
1.49136169383427	0	2830
0.301029995663981	1	2831
0.477121254719662	0	2832
1.11394335230684	0	2833
0	0	2834
1.43136376415899	0	2835
0	0	2836
0.602059991327962	0	2837
0	0	2838
0.602059991327962	0	2839
0	0	2840
0	0	2841
0	0	2842
0.602059991327962	0	2843
0	0	2844
0	0	2845
0.903089986991944	0	2846
1.14612803567824	0	2847
0.301029995663981	0	2848
0.301029995663981	0	2849
0.301029995663981	0	2850
1.07918124604762	0	2851
0	0	2852
0.301029995663981	0	2853
0.301029995663981	0	2854
0.602059991327962	0	2855
0.698970004336019	0	2856
0.301029995663981	0	2857
0	0	2858
0.477121254719662	0	2859
0	0	2860
0.301029995663981	0	2861
0	0	2862
1.88649072517248	0	2863
0	0	2864
0	0	2865
0	0	2866
0.301029995663981	0	2867
