x	y
0.235008535539692	0.163618027569058
0.624948885748077	0.52113452650147
0.552437150084411	0.284762913217548
0.591726144623306	0.394055688817164
1.20079843749343	0.783691301766898
0.931811571025963	0.746416272673053
2.74611066738531	0.81994201914086
1.0614762407186	0.924150259745137
0.234482423824576	0.178017158321012
1.26582524542981	1.56995637275736
0.628421565259971	0.627290282387724
0.583756485375944	0.384427575785703
0.258568969198559	0.149799048643117
0.411409406228368	0.269245039568389
1.81429023020737	1.82670171509737
0.494596250851638	0.575107232235732
-0.666114075467028	0.333111236636297
0.240866666838	0.155441667676847
0.731831285013996	0.540065836894452
1.52308971024363	1.50011138529038
1.21413052786023	0.675501958126194
1.22418480686296	0.647065652569594
0.92006321585776	0.24584935325024
0.548415072994848	0.282674452330828
1.03083961465248	0.613831287923637
0.381351571795321	0.154170805239629
2.30056861053853	1.1761713811135
