x	y	clickSelects
-0.04728707713448	-2.11078901362796	621
0.0978657151212499	-2.38602303286109	141
0.0236662838208899	-1.00275743559674	91
-0.10693828657676	-2.4891127623364	17
-0.0577652420147301	-1.87442749271816	45
0.00625982704210015	-1.90938935021349	3
-0.0592140910460099	-2.16575481484314	863
0.0936758575424101	-2.37733838808708	9
-0.0752795485890201	-1.40127198672295	163
-0.05979418912551	-2.11066619559949	553
-0.0849470822474101	-0.328860162001181	32
0.0253564220275302	-1.88420808156961	1
0.10279295962453	-2.47299479135252	280
-0.11679769221438	-2.18654541554323	118
0.0845095883878599	-0.490129105461295	118
0.0892900060106299	-2.47325705939094	186
-0.0705685479017599	-1.44373997138421	186
0.12171719223303	-2.25917700526028	47
-0.0701286568769299	1.82467934500041	560
0.0412403799039698	-1.36219352479391	519
0.01410109289115	-1.87068897360606	681
-0.0814910681966701	-1.68496969132506	1239
0.1244959478598	0.897375273262331	1535
